ID,Age,Experience,Income,CreditCard
1,25,1,49,0
2,45,19,34,0
3,39,15,11,0
4,35,9,100,0
5,35,8,45,1
6,37,13,29,0
7,53,27,72,0
8,50,24,22,1
9,35,10,81,0
10,34,9,180,0
11,65,39,105,0
12,29,5,45,0
13,48,23,114,0
14,59,32,40,0
15,67,41,112,0
16,60,30,22,1
17,38,14,130,0
18,42,18,81,0
19,46,21,193,0
20,55,28,21,1
21,56,31,25,0
22,57,27,63,0
23,29,5,62,0
24,44,18,43,0
25,36,11,152,1
26,43,19,29,0
27,40,16,83,0
28,46,20,158,1
29,56,30,48,1
30,38,13,119,1
31,59,35,35,0
32,40,16,29,0
33,53,28,41,0
34,30,6,18,0
35,31,5,50,0
36,48,24,81,0
37,59,35,121,1
38,51,25,71,0
39,42,18,141,0
40,38,13,80,0
41,57,32,84,0
42,34,9,60,0
43,32,7,132,0
44,39,15,45,0
45,46,20,104,1
46,57,31,52,1
47,39,14,43,0
48,37,12,194,1
49,56,26,81,1
50,40,16,49,1
51,32,8,8,0
52,61,37,131,0
53,30,6,72,0
54,50,26,190,0
55,29,5,44,0
56,41,17,139,0
57,55,30,29,0
58,56,31,131,0
59,28,2,93,0
60,31,5,188,0
61,49,24,39,0
62,47,21,125,0
63,42,18,22,0
64,42,17,32,0
65,47,23,105,0
66,59,35,131,1
67,62,36,105,0
68,53,23,45,0
69,47,21,60,1
70,53,29,20,0
71,42,18,115,1
72,53,29,69,0
73,44,20,130,1
74,41,16,85,1
75,28,3,135,1
76,31,7,135,1
77,58,32,12,0
78,46,20,29,0
79,54,30,133,0
80,50,26,19,0
81,60,36,41,1
82,47,22,40,0
83,41,16,82,0
84,33,9,50,0
85,46,22,18,0
86,27,2,109,0
87,40,16,42,0
88,48,22,78,0
89,65,41,51,0
90,25,-1,113,1
91,55,30,118,0
92,35,10,29,0
93,43,19,34,0
94,60,34,64,0
95,65,39,121,0
96,38,12,48,0
97,41,15,80,0
98,54,28,161,0
99,49,23,94,0
100,66,41,15,0
101,48,23,74,0
102,61,36,30,0
103,53,23,44,1
104,43,18,22,0
105,56,32,38,1
106,24,0,35,0
107,43,17,69,1
108,42,18,43,0
109,33,7,32,0
110,43,17,49,0
111,41,14,9,0
112,62,38,45,0
113,40,15,82,0
114,58,34,92,0
115,39,14,39,0
116,65,40,81,0
117,54,29,35,0
118,58,33,61,0
119,41,16,73,0
120,32,7,112,0
121,54,29,12,0
122,52,26,38,0
123,58,32,73,1
124,37,13,84,0
125,39,15,78,0
126,60,35,80,0
127,31,5,115,1
128,34,8,82,0
129,38,14,74,0
130,41,16,70,1
131,28,4,81,0
132,58,34,149,1
133,31,1,51,0
134,30,4,39,0
135,53,29,98,0
136,58,33,45,1
137,59,32,49,0
138,49,25,128,0
139,59,34,42,1
140,59,35,18,0
141,51,25,31,1
142,35,11,58,1
143,33,9,48,1
144,25,1,54,1
145,49,23,70,0
146,59,35,124,1
147,46,19,84,1
148,50,25,83,0
149,52,28,163,0
150,48,22,42,0
151,46,22,118,1
152,26,0,132,1
153,57,32,24,1
154,60,36,22,1
155,54,29,58,0
156,24,0,60,0
157,26,0,15,1
158,41,17,83,1
159,32,6,79,1
160,61,35,41,0
161,29,0,134,0
162,61,35,80,0
163,38,12,52,0
164,28,4,70,0
165,53,27,92,0
166,27,1,43,0
167,25,1,21,0
168,33,9,23,1
169,50,26,13,0
170,27,1,112,1
171,27,1,138,0
172,52,28,11,0
173,38,13,171,0
174,58,34,42,1
175,42,17,168,0
176,45,20,85,0
177,52,25,44,0
178,29,3,65,0
179,53,29,24,1
180,62,37,11,0
181,51,27,38,0
182,36,12,10,0
183,24,0,135,0
184,29,3,148,0
185,52,26,63,0
186,39,14,115,0
187,48,23,45,1
188,46,21,159,0
189,64,40,169,0
190,55,29,112,0
191,60,36,93,0
192,51,25,29,0
193,50,23,85,0
194,48,24,21,1
195,53,29,144,0
196,34,10,13,0
197,48,24,165,1
198,55,31,9,0
199,27,3,59,0
200,36,11,158,1
201,32,6,29,1
202,35,9,20,1
203,30,3,68,0
204,58,34,65,0
205,56,31,61,0
206,38,12,91,1
207,49,25,31,0
208,34,10,71,0
209,40,16,73,1
210,64,39,172,1
211,51,26,20,0
212,44,18,55,0
213,46,22,69,0
214,57,33,155,0
215,54,28,94,0
216,38,14,92,1
217,27,3,125,0
218,39,14,74,0
219,44,20,72,0
220,56,30,61,1
221,32,6,25,1
222,45,19,83,0
223,26,2,104,0
224,55,25,41,0
225,52,27,58,0
226,39,13,93,1
227,24,-1,39,0
228,47,23,148,1
229,47,22,53,1
230,48,24,71,1
231,47,22,92,0
232,35,10,61,0
233,46,19,38,0
234,62,37,58,0
235,26,1,80,0
236,38,8,71,0
237,43,18,89,1
238,62,38,83,0
239,57,32,28,1
240,28,3,52,0
241,51,26,70,0
242,48,22,71,1
243,41,16,75,0
244,65,39,170,0
245,41,17,78,0
246,35,11,25,0
247,38,14,60,1
248,53,29,120,0
249,55,29,99,1
250,26,1,55,1
251,30,6,29,0
252,54,28,170,0
253,65,40,53,1
254,47,21,138,0
255,65,41,134,0
256,66,40,42,1
257,26,0,99,1
258,66,41,18,1
259,35,9,24,0
260,56,30,55,0
261,51,27,58,1
262,42,16,111,0
263,49,23,33,1
264,27,1,74,1
265,45,19,38,0
266,49,23,23,0
267,63,38,61,0
268,47,22,81,0
269,64,39,129,0
270,43,13,33,0
271,60,36,63,0
272,40,14,70,0
273,29,3,45,1
274,41,16,65,0
275,30,5,74,1
276,49,24,50,0
277,30,5,22,0
278,29,2,30,0
279,50,26,21,0
280,39,14,155,0
281,33,8,64,0
282,57,31,65,1
283,34,9,71,0
284,61,36,40,0
285,44,19,69,0
286,40,13,69,0
287,51,25,45,0
288,37,12,62,1
289,44,19,172,0
290,42,15,24,1
291,51,25,80,0
292,43,16,8,0
293,30,5,38,1
294,45,19,93,0
295,35,9,55,0
296,60,34,64,1
297,34,9,122,0
298,55,25,70,0
299,43,19,81,0
300,41,15,159,0
301,34,9,70,0
302,65,39,150,0
303,45,21,152,0
304,49,25,195,0
305,48,23,22,0
306,60,35,22,0
307,55,29,79,1
308,42,18,33,0
309,32,8,128,1
310,62,38,91,0
311,57,32,39,1
312,52,26,121,0
313,36,6,21,0
314,34,9,41,1
315,63,37,45,0
316,24,-2,51,0
317,57,31,165,0
318,40,16,119,0
319,27,2,110,0
320,65,39,20,1
321,60,34,64,0
322,44,20,101,0
323,63,39,101,0
324,59,34,99,0
325,56,30,158,0
326,54,28,89,1
327,52,27,80,1
328,58,32,114,0
329,60,35,49,1
330,28,4,191,0
331,54,30,78,0
332,32,6,28,0
333,59,33,42,0
334,63,38,140,0
335,48,23,45,0
336,56,32,122,1
337,36,12,65,0
338,57,27,68,0
339,29,3,153,0
340,39,13,89,0
341,59,34,91,1
342,31,6,55,0
343,43,19,118,1
344,35,5,22,0
345,54,24,63,1
346,51,27,12,0
347,44,19,50,0
348,25,0,43,1
349,40,15,173,1
350,26,2,60,0
351,39,14,113,0
352,28,4,155,0
353,52,28,91,1
354,53,29,55,0
355,44,20,173,0
356,43,19,71,1
357,56,30,24,0
358,38,14,42,0
359,30,6,141,0
360,32,6,32,0
361,35,10,55,0
362,43,19,153,0
363,58,32,113,1
364,25,0,30,0
365,54,24,29,1
366,57,32,174,0
367,50,24,35,0
368,32,8,98,0
369,63,37,30,0
370,31,6,58,1
371,36,12,25,0
372,58,34,19,0
373,56,30,44,0
374,49,25,20,1
375,30,5,98,0
376,33,7,90,0
377,45,21,61,0
378,30,5,40,0
379,47,23,38,0
380,25,0,28,0
381,63,33,34,1
382,55,29,73,1
383,65,41,133,1
384,44,18,53,0
385,51,25,21,1
386,35,9,40,0
387,30,5,41,0
388,31,5,82,0
389,54,30,100,0
390,45,20,155,1
391,45,19,45,0
392,58,32,9,1
393,54,29,48,0
394,53,28,18,1
395,33,9,80,1
396,60,35,64,0
397,50,24,29,0
398,26,2,48,0
399,54,30,23,0
400,28,3,84,1
401,36,10,179,0
402,29,2,30,1
403,54,28,93,1
404,55,30,39,0
405,61,36,60,0
406,36,11,133,1
407,45,19,125,0
408,64,40,58,0
409,60,36,89,0
410,49,22,82,0
411,47,23,110,1
412,60,36,54,0
413,45,20,89,0
414,32,7,42,0
415,52,28,41,1
416,35,8,38,0
417,40,15,85,0
418,53,29,83,0
419,27,0,33,0
420,58,33,50,1
421,47,22,58,1
422,28,3,115,0
423,46,20,145,0
424,43,19,161,0
425,56,30,38,0
426,28,3,28,0
427,42,18,75,1
428,32,7,35,1
429,62,38,24,1
430,37,13,78,0
431,51,26,113,0
432,39,13,75,0
433,43,17,91,0
434,52,28,31,1
435,30,6,45,0
436,52,26,80,0
437,61,35,50,0
438,36,9,31,0
439,58,32,113,1
440,47,23,29,0
441,64,39,59,0
442,52,27,43,0
443,58,28,122,0
444,48,24,29,0
445,64,40,91,1
446,58,32,65,0
447,47,23,22,1
448,49,23,71,0
449,31,4,60,1
450,61,37,60,0
451,51,25,69,1
452,28,-2,48,0
453,39,13,21,0
454,54,28,53,0
455,50,24,29,0
456,30,4,60,0
457,64,39,42,0
458,29,3,69,0
459,48,24,20,1
460,35,10,200,0
461,60,36,141,1
462,55,30,81,0
463,29,4,183,0
464,48,22,149,0
465,43,19,83,1
466,66,42,35,0
467,25,0,13,0
468,45,20,39,1
469,34,10,21,0
470,48,23,10,1
471,32,6,84,0
472,50,24,30,1
473,43,19,31,0
474,64,39,182,0
475,60,34,114,0
476,43,19,152,0
477,60,34,53,1
478,64,39,24,0
479,44,20,150,1
480,60,36,132,1
481,54,29,68,1
482,33,9,53,1
483,56,32,173,0
484,29,5,30,0
485,25,1,113,1
486,60,34,15,0
487,55,30,84,0
488,39,13,88,1
489,37,13,43,0
490,53,28,43,1
491,34,10,90,0
492,42,18,34,0
493,60,36,38,0
494,50,24,173,1
495,41,17,160,0
496,25,0,44,1
497,50,24,83,0
498,48,22,94,0
499,32,8,43,1
500,50,25,42,0
501,59,33,34,0
502,50,26,39,0
503,44,19,70,0
504,31,5,39,1
505,40,10,44,0
506,36,12,69,0
507,51,25,44,0
508,64,40,32,0
509,47,22,15,0
510,52,28,118,0
511,51,26,62,0
512,31,5,82,0
513,39,14,54,1
514,30,6,48,0
515,27,1,74,0
516,41,16,113,1
517,53,27,81,0
518,54,27,43,0
519,28,4,34,0
520,34,9,48,0
521,61,37,54,1
522,48,24,75,0
523,36,11,72,0
524,56,31,39,0
525,24,-1,75,0
526,64,38,79,0
527,26,2,205,1
528,33,8,65,0
529,64,39,122,0
530,39,15,82,0
531,54,30,21,1
532,32,6,50,1
533,62,37,39,1
534,27,2,101,0
535,53,28,41,0
536,51,25,132,0
537,25,-1,43,0
538,44,20,131,0
539,31,5,11,1
540,57,32,21,0
541,25,-1,109,0
542,30,6,141,0
543,40,14,81,0
544,63,38,54,1
545,35,10,164,0
546,43,19,28,0
547,27,2,68,0
548,44,14,44,1
549,49,23,61,1
550,61,36,35,1
551,60,34,54,1
552,59,34,14,1
553,28,3,52,0
554,52,28,101,0
555,28,2,149,0
556,34,8,35,1
557,60,34,21,0
558,39,15,118,1
559,30,5,38,0
560,49,25,24,0
561,43,18,59,0
562,63,33,41,0
563,28,3,85,1
564,51,27,12,0
565,33,7,32,0
566,55,29,79,0
567,53,28,175,1
568,34,8,28,0
569,34,9,41,1
570,40,14,70,0
571,49,25,161,0
572,35,9,53,0
573,39,15,128,0
574,55,28,50,1
575,29,5,80,1
576,54,30,93,0
577,25,-1,48,1
578,52,28,149,0
579,46,19,49,1
580,57,33,88,0
581,52,22,22,1
582,28,3,55,1
583,44,18,72,0
584,24,-1,38,0
585,40,16,114,0
586,34,4,83,0
587,39,14,101,1
588,50,24,94,0
589,41,17,40,1
590,31,7,128,0
591,29,3,39,0
592,30,5,51,0
593,44,20,79,1
594,33,7,48,0
595,50,26,85,0
596,42,18,41,0
597,48,22,152,0
598,24,-2,125,1
599,56,31,11,0
600,28,4,103,1
601,56,30,141,0
602,58,32,38,1
603,29,5,135,0
604,63,38,28,0
605,28,3,70,1
606,57,31,41,1
607,34,8,81,0
608,28,3,170,0
609,27,2,55,0
610,37,11,24,0
611,52,28,81,0
612,49,23,32,0
613,65,40,129,1
614,60,35,108,0
615,37,12,180,1
616,63,37,139,0
617,40,14,33,1
618,46,20,74,0
619,63,37,42,0
620,57,27,73,0
621,33,8,115,0
622,41,17,114,0
623,41,17,92,0
624,44,19,34,0
625,33,6,54,0
626,52,28,64,0
627,30,6,42,1
628,45,19,70,0
629,49,24,51,0
630,45,19,71,1
631,32,7,35,1
632,45,18,40,0
633,57,32,165,0
634,61,31,18,1
635,57,31,32,1
636,60,35,35,0
637,40,16,120,0
638,53,28,31,0
639,42,16,35,0
640,62,36,32,1
641,43,18,85,0
642,35,10,139,0
643,50,24,103,0
644,45,21,152,0
645,52,27,33,0
646,35,9,84,0
647,58,33,61,0
648,62,38,64,1
649,50,25,34,0
650,25,-1,82,0
651,47,22,122,0
652,28,4,58,0
653,34,9,92,0
654,49,23,78,1
655,54,29,129,0
656,50,25,13,0
657,37,11,81,0
658,38,8,23,0
659,52,26,35,0
660,63,39,79,1
661,39,14,165,0
662,63,38,52,0
663,65,41,185,0
664,46,20,49,0
665,54,30,64,1
666,54,24,61,0
667,52,26,112,1
668,63,39,72,0
669,66,41,18,0
670,56,29,41,0
671,23,-1,61,0
672,65,41,105,0
673,51,27,23,0
674,34,10,22,0
675,49,23,59,0
676,29,2,33,0
677,47,23,11,1
678,46,21,204,0
679,52,27,61,0
680,55,31,103,0
681,61,36,51,1
682,34,9,164,0
683,58,34,12,1
684,40,16,82,0
685,43,17,164,0
686,35,8,48,0
687,24,-1,38,0
688,48,22,65,0
689,44,20,71,0
690,54,30,18,0
691,59,34,52,0
692,45,18,48,1
693,26,2,30,0
694,40,15,40,0
695,32,7,112,0
696,29,4,115,0
697,51,27,63,0
698,42,17,85,0
699,64,38,59,0
700,44,20,68,0
701,37,11,84,1
702,44,19,62,1
703,35,9,109,0
704,41,17,141,0
705,56,32,129,0
706,62,36,30,0
707,58,34,148,0
708,47,20,25,1
709,35,10,21,0
710,29,4,72,0
711,43,17,59,1
712,62,37,83,0
713,41,16,10,0
714,34,9,84,0
715,50,23,98,0
716,47,23,32,1
717,29,5,31,1
718,59,34,94,1
719,56,31,21,1
720,61,35,110,0
721,58,32,38,0
722,49,24,39,0
723,45,21,132,1
724,50,24,61,0
725,64,38,92,0
726,39,15,119,0
727,58,33,53,0
728,62,37,18,0
729,45,20,114,0
730,58,28,90,1
731,43,18,140,0
732,28,3,90,1
733,26,1,85,0
734,49,24,80,0
735,66,42,53,1
736,33,7,49,0
737,61,35,152,0
738,64,37,138,0
739,36,10,80,0
740,49,23,82,0
741,52,27,195,0
742,61,37,22,0
743,32,6,81,0
744,61,37,40,1
745,45,20,154,0
746,30,4,49,1
747,62,37,85,0
748,57,32,21,0
749,41,17,14,0
750,58,34,60,1
751,29,5,138,0
752,53,28,98,0
753,64,39,22,0
754,49,23,49,1
755,38,14,102,1
756,56,30,45,1
757,56,31,82,0
758,52,28,81,0
759,64,39,35,0
760,53,28,59,0
761,29,3,52,0
762,48,24,84,0
763,32,6,85,0
764,54,28,65,1
765,37,13,89,1
766,47,21,109,0
767,37,12,81,0
768,64,39,38,0
769,43,19,72,0
770,33,6,78,0
771,26,2,172,0
772,42,18,71,0
773,54,28,165,1
774,41,16,120,1
775,55,29,39,1
776,65,39,23,1
777,50,26,135,0
778,55,31,12,1
779,62,36,92,0
780,53,28,192,0
781,32,7,42,1
782,56,32,158,0
783,54,30,194,1
784,44,20,160,0
785,48,22,98,0
786,46,22,164,1
787,45,21,42,0
788,45,15,202,0
789,58,34,10,0
790,29,3,31,0
791,55,30,58,1
792,55,29,65,0
793,41,16,98,1
794,24,-2,150,0
795,54,29,44,0
796,57,32,15,1
797,30,6,82,0
798,42,17,61,0
799,29,2,38,0
800,29,3,39,0
801,31,7,173,0
802,47,23,8,0
803,36,12,51,0
804,52,27,62,0
805,54,28,34,0
806,55,29,132,0
807,53,27,44,0
808,52,27,162,0
809,64,39,64,0
810,54,29,111,1
811,32,6,41,0
812,63,33,52,0
813,36,10,65,0
814,50,25,130,0
815,33,8,45,1
816,62,38,35,0
817,49,23,65,1
818,41,15,38,0
819,51,27,42,1
820,56,30,45,0
821,51,25,145,0
822,39,13,33,0
823,61,35,60,0
824,35,9,45,1
825,39,15,72,0
826,37,11,34,0
827,48,21,23,0
828,63,37,45,1
829,35,9,28,0
830,55,30,81,0
831,29,5,72,0
832,61,31,49,0
833,36,10,31,0
834,61,35,63,0
835,36,12,150,0
836,58,33,142,1
837,42,17,74,1
838,30,4,24,0
839,45,20,29,0
840,39,15,79,0
841,27,3,94,1
842,57,33,121,0
843,34,10,54,0
844,64,39,73,0
845,47,23,71,0
846,44,17,29,1
847,51,27,93,0
848,40,14,73,0
849,57,32,19,0
850,33,8,58,1
851,46,20,39,0
852,41,16,23,0
853,33,7,29,1
854,27,2,155,0
855,52,28,90,0
856,59,33,113,0
857,62,38,42,0
858,49,25,30,1
859,45,19,19,0
860,63,37,124,0
861,57,31,30,0
862,60,30,28,0
863,50,23,15,0
864,54,30,70,0
865,28,2,10,0
866,60,34,22,1
867,44,20,70,0
868,61,35,61,0
869,40,15,161,1
870,54,30,29,1
871,43,19,35,0
872,54,28,48,0
873,32,7,44,0
874,24,0,88,0
875,30,4,40,1
876,61,36,21,0
877,40,14,58,0
878,35,11,59,0
879,33,3,74,0
880,63,37,84,0
881,57,31,58,0
882,44,19,154,0
883,51,25,185,0
884,51,26,78,0
885,38,13,55,0
886,31,5,30,0
887,54,29,74,0
888,41,16,118,0
889,57,33,182,0
890,24,-2,82,1
891,55,29,29,0
892,32,6,120,1
893,38,12,53,0
894,58,32,43,1
895,29,4,59,1
896,43,17,84,1
897,50,24,161,0
898,62,37,21,1
899,57,32,63,0
900,30,3,172,1
901,30,4,51,1
902,57,33,24,0
903,57,33,95,0
904,43,18,59,0
905,28,2,51,0
906,46,22,28,1
907,29,3,154,0
908,64,40,15,1
909,66,36,55,1
910,23,-1,149,1
911,60,36,79,1
912,47,21,68,0
913,35,10,78,0
914,57,32,34,0
915,65,41,195,1
916,53,28,184,0
917,44,20,85,0
918,45,20,200,1
919,41,16,64,0
920,51,27,88,1
921,27,1,42,0
922,31,5,91,1
923,32,6,38,0
924,55,30,28,0
925,55,30,32,0
926,42,18,31,1
927,33,9,22,0
928,65,40,95,1
929,35,10,74,0
930,55,30,22,1
931,28,4,43,0
932,27,3,43,0
933,51,27,112,1
934,50,23,9,0
935,58,33,81,0
936,46,20,131,1
937,62,32,19,0
938,38,13,62,0
939,62,37,19,0
940,56,32,8,1
941,61,36,193,0
942,38,13,129,0
943,55,29,30,1
944,30,4,80,0
945,41,15,22,1
946,57,32,33,0
947,36,11,64,0
948,55,29,60,0
949,30,4,81,1
950,40,16,45,0
951,32,6,112,0
952,59,34,83,0
953,44,20,180,1
954,51,26,28,0
955,37,12,169,0
956,59,35,14,0
957,37,11,43,0
958,56,32,88,0
959,55,29,78,1
960,49,24,68,0
961,46,22,144,1
962,35,9,30,0
963,47,21,120,0
964,39,14,24,0
965,27,1,78,0
966,62,36,135,0
967,57,32,44,0
968,55,30,73,0
969,55,31,90,1
970,41,15,58,0
971,57,32,75,0
972,43,19,174,1
973,40,16,50,0
974,43,18,85,0
975,63,38,54,0
976,63,38,83,0
977,54,30,24,0
978,54,30,45,0
979,52,26,68,1
980,50,26,48,1
981,38,13,114,1
982,36,12,142,1
983,58,33,52,1
984,46,22,142,0
985,50,25,15,0
986,46,22,118,1
987,53,27,101,0
988,62,36,84,0
989,63,39,32,0
990,42,16,64,0
991,34,10,81,0
992,40,14,28,1
993,34,9,93,0
994,41,15,185,0
995,32,8,42,0
996,28,3,45,1
997,33,6,49,0
998,46,20,69,0
999,52,27,94,0
1000,60,35,18,1
1001,59,35,8,0
1002,57,32,55,0
1003,46,20,85,0
1004,25,1,62,0
1005,53,23,65,0
1006,38,12,138,0
1007,63,38,103,0
1008,44,19,99,0
1009,50,24,152,0
1010,28,3,25,0
1011,27,3,98,1
1012,52,27,39,0
1013,50,25,40,1
1014,39,13,58,0
1015,50,26,192,1
1016,60,34,62,0
1017,30,5,69,0
1018,31,5,40,0
1019,39,15,61,0
1020,29,3,30,0
1021,54,29,29,0
1022,35,8,41,1
1023,27,3,118,0
1024,45,20,109,0
1025,58,33,122,0
1026,62,37,50,0
1027,28,4,43,0
1028,32,7,108,0
1029,29,4,110,0
1030,41,17,20,0
1031,61,35,112,1
1032,56,32,25,0
1033,37,12,42,1
1034,60,34,29,0
1035,49,23,84,0
1036,43,17,81,0
1037,53,28,55,1
1038,35,11,40,0
1039,56,30,145,1
1040,41,16,175,0
1041,36,6,78,0
1042,56,32,51,0
1043,64,34,50,0
1044,51,27,21,0
1045,49,24,79,1
1046,43,18,84,0
1047,51,26,34,0
1048,55,31,73,0
1049,62,37,90,0
1050,35,10,23,0
1051,53,27,145,1
1052,33,7,54,0
1053,43,17,49,1
1054,58,32,51,0
1055,63,38,8,0
1056,31,6,62,0
1057,36,6,25,0
1058,30,0,63,0
1059,59,34,24,0
1060,28,2,11,1
1061,59,34,23,1
1062,47,22,33,0
1063,47,21,83,0
1064,56,30,39,1
1065,41,17,138,0
1066,25,1,113,1
1067,30,5,125,0
1068,50,24,195,0
1069,34,9,105,0
1070,44,18,75,0
1071,36,9,40,0
1072,39,14,61,0
1073,54,24,75,0
1074,33,8,122,1
1075,39,14,75,1
1076,41,15,59,0
1077,40,13,24,0
1078,29,3,175,0
1079,51,27,39,1
1080,54,30,145,0
1081,47,22,24,0
1082,53,28,20,0
1083,30,5,85,0
1084,28,3,65,0
1085,60,35,191,0
1086,51,26,11,0
1087,63,37,40,0
1088,38,13,54,0
1089,59,35,95,1
1090,53,29,94,0
1091,31,5,79,0
1092,41,17,48,1
1093,25,1,70,0
1094,27,3,40,0
1095,50,24,44,1
1096,50,25,43,0
1097,43,18,29,0
1098,50,24,188,1
1099,46,20,114,1
1100,30,6,52,0
1101,42,16,13,0
1102,42,17,95,0
1103,29,3,84,0
1104,38,14,49,0
1105,51,25,181,1
1106,35,10,182,1
1107,37,13,70,0
1108,47,21,79,1
1109,55,29,61,1
1110,65,41,121,0
1111,58,33,34,0
1112,54,28,183,0
1113,52,28,51,1
1114,28,2,70,1
1115,32,8,39,1
1116,51,24,84,0
1117,43,18,122,1
1118,42,18,145,1
1119,42,17,98,1
1120,41,16,79,0
1121,34,8,38,1
1122,30,6,49,1
1123,32,7,38,0
1124,46,20,91,0
1125,38,12,29,1
1126,37,13,172,0
1127,32,8,104,1
1128,35,9,58,1
1129,30,5,171,0
1130,30,4,73,1
1131,58,32,191,0
1132,57,27,90,0
1133,34,9,55,1
1134,31,4,28,0
1135,39,14,42,0
1136,57,33,9,0
1137,47,21,65,0
1138,51,26,134,0
1139,30,6,83,0
1140,55,28,38,0
1141,32,6,13,1
1142,32,7,143,0
1143,44,20,75,0
1144,33,7,120,0
1145,49,24,91,0
1146,32,6,99,1
1147,31,7,71,0
1148,37,13,111,0
1149,41,15,108,0
1150,56,32,158,0
1151,55,31,81,0
1152,49,23,12,0
1153,63,37,21,0
1154,55,30,55,1
1155,59,35,42,0
1156,41,16,81,1
1157,49,25,13,0
1158,48,23,132,0
1159,41,16,99,0
1160,50,26,23,1
1161,28,1,40,0
1162,36,11,181,0
1163,38,14,112,0
1164,34,9,138,0
1165,41,17,94,0
1166,43,19,113,0
1167,30,5,112,1
1168,37,12,190,0
1169,62,37,38,0
1170,40,16,32,0
1171,35,10,104,1
1172,64,40,43,0
1173,49,24,45,0
1174,24,-1,35,0
1175,36,10,42,1
1176,29,4,58,1
1177,29,3,103,0
1178,28,3,71,0
1179,33,7,14,0
1180,36,11,98,1
1181,42,17,90,1
1182,25,0,65,0
1183,28,2,19,1
1184,50,25,35,1
1185,34,9,71,0
1186,43,19,31,0
1187,62,38,43,0
1188,61,36,24,0
1189,45,19,58,1
1190,42,17,115,0
1191,39,15,168,0
1192,29,5,128,1
1193,45,20,138,1
1194,58,32,81,1
1195,29,3,41,0
1196,32,7,123,0
1197,37,13,71,0
1198,48,23,8,1
1199,40,14,42,0
1200,29,4,62,0
1201,36,12,22,0
1202,35,8,38,0
1203,35,11,24,0
1204,62,37,50,0
1205,26,1,190,0
1206,32,7,94,0
1207,63,37,165,0
1208,38,12,43,1
1209,50,26,48,1
1210,46,21,52,1
1211,50,24,84,0
1212,61,36,131,0
1213,34,8,44,0
1214,27,2,78,0
1215,61,36,15,0
1216,45,20,38,1
1217,50,25,84,0
1218,44,20,122,0
1219,62,36,98,0
1220,45,18,80,0
1221,41,17,165,0
1222,30,5,121,1
1223,61,37,20,0
1224,45,19,11,0
1225,59,35,45,0
1226,30,6,118,0
1227,60,36,14,1
1228,39,13,30,0
1229,56,30,45,0
1230,56,32,80,0
1231,27,1,25,1
1232,66,41,144,1
1233,43,19,84,0
1234,53,29,22,0
1235,44,18,33,1
1236,54,28,60,0
1237,31,6,81,0
1238,38,13,169,1
1239,28,2,63,0
1240,51,26,12,1
1241,52,27,15,0
1242,64,38,39,1
1243,29,4,44,0
1244,34,10,110,0
1245,33,8,130,1
1246,46,21,41,0
1247,48,22,59,0
1248,52,28,39,0
1249,44,19,35,0
1250,51,27,80,1
1251,47,20,81,0
1252,39,13,31,0
1253,42,17,93,0
1254,57,33,45,0
1255,36,12,40,1
1256,27,1,80,1
1257,31,7,20,0
1258,63,37,41,1
1259,34,8,31,1
1260,52,27,35,0
1261,57,31,40,1
1262,63,39,84,0
1263,26,1,53,0
1264,35,5,85,0
1265,58,33,138,0
1266,32,2,71,0
1267,64,39,113,1
1268,50,23,23,0
1269,34,9,62,0
1270,36,11,14,1
1271,43,18,60,1
1272,28,4,94,0
1273,64,39,83,0
1274,60,35,130,1
1275,62,37,61,0
1276,27,2,92,0
1277,42,16,20,1
1278,45,20,194,0
1279,36,10,74,1
1280,48,22,84,0
1281,65,40,98,0
1282,39,15,52,0
1283,51,26,55,1
1284,30,6,64,0
1285,65,40,128,0
1286,38,13,113,1
1287,29,3,50,1
1288,42,18,54,0
1289,63,38,129,0
1290,46,21,82,0
1291,62,38,100,0
1292,58,34,44,0
1293,56,30,164,1
1294,56,31,81,1
1295,34,10,71,1
1296,42,17,28,0
1297,30,6,80,0
1298,61,35,90,0
1299,38,14,74,1
1300,50,25,14,0
1301,61,36,23,0
1302,41,17,153,1
1303,42,16,38,0
1304,29,5,112,0
1305,51,26,145,1
1306,32,6,28,0
1307,34,9,31,1
1308,26,2,195,1
1309,54,24,50,1
1310,38,14,71,0
1311,62,36,21,0
1312,37,11,35,0
1313,46,21,42,1
1314,52,27,78,0
1315,32,6,73,0
1316,49,25,53,0
1317,28,3,51,0
1318,55,30,40,0
1319,52,26,178,0
1320,32,6,35,1
1321,31,7,192,0
1322,27,3,123,0
1323,32,5,48,1
1324,52,26,45,0
1325,52,28,15,0
1326,50,24,79,0
1327,32,5,63,0
1328,61,35,30,0
1329,60,36,145,1
1330,28,4,32,0
1331,34,9,64,1
1332,31,7,84,0
1333,31,5,21,0
1334,62,38,99,0
1335,47,22,35,0
1336,50,24,180,1
1337,36,12,42,0
1338,26,0,179,0
1339,51,27,42,0
1340,52,25,180,0
1341,35,11,82,0
1342,42,16,55,0
1343,36,12,79,0
1344,41,17,48,1
1345,49,25,93,0
1346,57,32,23,0
1347,44,20,50,0
1348,60,34,85,0
1349,38,14,35,0
1350,26,2,171,0
1351,29,2,29,1
1352,59,35,84,1
1353,51,27,20,0
1354,50,25,14,1
1355,35,10,179,0
1356,61,37,48,0
1357,42,16,74,0
1358,55,29,53,0
1359,50,25,83,1
1360,64,40,171,0
1361,54,28,85,0
1362,50,26,38,0
1363,31,5,85,1
1364,32,8,79,0
1365,44,19,69,0
1366,60,35,43,1
1367,60,34,33,0
1368,62,38,42,1
1369,46,21,40,0
1370,57,33,43,0
1371,30,5,20,0
1372,58,32,65,0
1373,39,13,139,0
1374,60,35,135,0
1375,59,34,84,0
1376,50,26,179,1
1377,63,39,45,0
1378,27,3,109,0
1379,54,29,34,0
1380,62,37,162,0
1381,60,34,105,0
1382,38,12,22,0
1383,34,8,82,1
1384,65,41,105,0
1385,55,31,62,0
1386,57,31,82,1
1387,27,3,72,0
1388,35,10,38,1
1389,52,28,25,0
1390,45,15,20,0
1391,29,3,80,1
1392,44,18,84,0
1393,47,23,33,1
1394,62,37,55,0
1395,52,27,33,1
1396,47,23,190,0
1397,42,18,43,0
1398,65,41,45,0
1399,42,18,141,0
1400,40,16,69,0
1401,32,8,78,0
1402,40,15,84,0
1403,55,29,172,0
1404,32,6,51,1
1405,58,28,75,0
1406,46,22,183,1
1407,53,23,20,1
1408,63,39,101,0
1409,40,14,129,0
1410,41,17,63,0
1411,60,35,44,0
1412,65,39,184,1
1413,59,33,100,0
1414,48,24,12,0
1415,59,33,68,0
1416,33,8,48,0
1417,40,15,82,0
1418,42,18,52,0
1419,65,41,154,1
1420,30,4,39,1
1421,30,4,40,1
1422,42,17,54,0
1423,32,8,32,1
1424,55,30,64,0
1425,29,3,92,0
1426,64,38,40,1
1427,37,11,60,0
1428,31,5,85,1
1429,25,-1,21,0
1430,31,5,35,0
1431,32,7,52,0
1432,58,34,128,0
1433,26,2,195,0
1434,51,25,68,1
1435,65,41,55,0
1436,43,17,55,0
1437,46,21,80,1
1438,28,3,123,0
1439,63,37,90,0
1440,59,29,61,0
1441,42,15,41,0
1442,58,33,43,0
1443,39,13,71,0
1444,36,12,25,0
1445,60,33,154,0
1446,47,21,141,0
1447,29,4,22,0
1448,52,28,145,0
1449,41,16,49,0
1450,63,37,109,0
1451,59,34,80,1
1452,44,20,82,1
1453,54,28,52,0
1454,29,5,85,1
1455,51,25,148,0
1456,63,39,160,1
1457,36,11,39,0
1458,42,16,25,1
1459,51,25,33,1
1460,47,20,38,0
1461,40,16,85,1
1462,54,28,48,0
1463,47,21,15,0
1464,35,10,94,0
1465,28,4,120,0
1466,45,19,60,0
1467,33,9,145,1
1468,62,36,29,0
1469,45,18,78,0
1470,59,35,59,0
1471,58,28,80,1
1472,52,26,180,1
1473,34,8,8,0
1474,65,35,23,0
1475,48,23,79,0
1476,44,19,78,0
1477,61,37,64,1
1478,40,14,64,1
1479,65,39,160,0
1480,28,4,43,0
1481,67,42,32,1
1482,35,9,179,0
1483,60,35,8,0
1484,58,32,63,0
1485,55,30,40,0
1486,34,9,99,0
1487,35,9,141,0
1488,28,4,159,1
1489,38,12,39,0
1490,62,38,99,0
1491,30,4,18,1
1492,38,12,38,1
1493,33,8,133,0
1494,58,34,84,1
1495,59,35,60,1
1496,52,28,178,0
1497,36,12,18,1
1498,45,21,73,0
1499,49,23,125,0
1500,52,26,91,1
1501,54,28,74,0
1502,30,4,35,1
1503,65,39,113,1
1504,34,8,52,0
1505,30,6,191,0
1506,51,25,18,1
1507,52,27,25,1
1508,43,18,50,0
1509,35,10,75,1
1510,56,26,92,1
1511,57,32,33,0
1512,58,32,65,0
1513,53,28,44,0
1514,45,21,183,0
1515,44,20,175,1
1516,54,28,28,1
1517,41,17,49,0
1518,52,26,45,0
1519,43,17,64,0
1520,63,38,22,0
1521,54,30,120,1
1522,33,8,175,0
1523,25,-1,101,1
1524,41,16,104,0
1525,40,16,155,1
1526,43,18,58,0
1527,36,10,80,0
1528,57,33,45,0
1529,34,9,134,0
1530,38,14,58,0
1531,47,21,20,1
1532,39,13,25,0
1533,45,20,55,1
1534,62,37,155,0
1535,59,34,30,1
1536,61,37,39,1
1537,36,12,73,0
1538,58,34,41,0
1539,55,30,34,0
1540,29,5,21,0
1541,34,8,11,1
1542,61,35,154,0
1543,50,20,19,0
1544,52,26,101,0
1545,39,15,24,1
1546,55,29,131,0
1547,33,9,105,0
1548,47,21,52,0
1549,57,32,21,0
1550,57,31,45,0
1551,40,14,39,0
1552,50,25,192,1
1553,29,5,195,0
1554,46,22,83,0
1555,42,15,34,0
1556,59,33,49,0
1557,31,1,60,0
1558,51,25,41,0
1559,35,10,72,0
1560,59,35,102,0
1561,35,10,31,0
1562,46,20,73,0
1563,34,9,89,0
1564,55,29,19,1
1565,64,40,63,0
1566,34,9,104,0
1567,61,35,40,0
1568,63,39,92,0
1569,59,33,72,0
1570,51,27,44,0
1571,41,16,114,1
1572,37,13,73,0
1573,64,40,63,1
1574,44,20,69,1
1575,62,37,42,0
1576,50,26,88,0
1577,43,18,98,0
1578,34,8,65,0
1579,38,13,12,0
1580,29,5,122,1
1581,39,14,12,0
1582,53,29,24,1
1583,43,19,170,1
1584,61,36,184,1
1585,46,20,25,0
1586,57,31,131,0
1587,59,33,50,1
1588,52,28,21,0
1589,29,3,55,0
1590,57,32,124,0
1591,49,23,58,0
1592,39,13,72,0
1593,56,31,192,0
1594,63,38,83,0
1595,37,12,93,0
1596,56,26,38,0
1597,45,20,55,0
1598,66,41,11,1
1599,40,15,85,0
1600,50,24,124,0
1601,60,36,129,0
1602,31,7,180,0
1603,40,14,74,0
1604,36,6,138,0
1605,55,29,111,1
1606,54,28,83,0
1607,35,10,33,0
1608,55,29,21,0
1609,36,10,35,0
1610,66,41,105,1
1611,38,14,103,1
1612,58,32,75,0
1613,41,17,33,0
1614,60,34,52,0
1615,47,23,89,1
1616,62,36,63,0
1617,48,23,84,0
1618,61,36,44,0
1619,29,3,29,1
1620,45,21,29,0
1621,39,14,22,0
1622,31,6,53,0
1623,39,14,24,0
1624,63,38,153,0
1625,28,2,31,0
1626,56,30,21,0
1627,31,6,180,0
1628,46,20,82,1
1629,42,18,90,0
1630,53,29,154,0
1631,41,17,99,1
1632,61,36,153,1
1633,31,5,93,0
1634,62,38,53,0
1635,59,34,18,1
1636,49,24,70,0
1637,65,39,100,1
1638,30,6,193,0
1639,32,7,125,1
1640,56,31,68,0
1641,36,10,55,0
1642,58,34,152,0
1643,27,3,84,1
1644,41,16,13,0
1645,59,35,33,1
1646,56,32,89,0
1647,52,26,93,0
1648,35,5,68,0
1649,47,21,85,1
1650,29,4,73,0
1651,31,6,83,0
1652,62,36,158,0
1653,48,18,182,0
1654,26,1,24,1
1655,60,34,102,1
1656,35,11,53,0
1657,40,15,175,0
1658,31,5,28,0
1659,50,25,14,0
1660,33,7,139,1
1661,37,11,34,0
1662,38,14,64,1
1663,63,38,84,0
1664,57,32,42,0
1665,61,35,63,0
1666,37,12,100,1
1667,51,25,190,0
1668,44,20,22,0
1669,63,37,20,1
1670,43,18,21,1
1671,38,14,25,0
1672,34,9,20,0
1673,48,23,173,1
1674,29,5,81,1
1675,37,11,139,0
1676,60,35,119,0
1677,46,20,74,0
1678,34,10,42,0
1679,56,30,73,0
1680,57,31,114,0
1681,62,36,44,0
1682,32,8,141,0
1683,51,26,14,0
1684,55,29,33,0
1685,60,34,83,0
1686,40,16,89,0
1687,62,38,39,0
1688,63,39,83,1
1689,60,34,108,0
1690,59,34,21,1
1691,26,1,102,0
1692,56,32,48,1
1693,58,32,32,0
1694,57,31,43,0
1695,48,23,35,0
1696,30,6,184,0
1697,45,21,140,0
1698,64,38,32,1
1699,44,20,149,0
1700,51,25,15,1
1701,43,16,71,0
1702,29,3,108,0
1703,56,30,122,1
1704,65,41,40,0
1705,46,22,198,1
1706,48,24,79,1
1707,56,31,84,0
1708,61,37,31,1
1709,46,20,12,1
1710,58,34,88,1
1711,31,5,29,1
1712,27,3,201,0
1713,44,20,20,0
1714,44,20,15,0
1715,51,27,155,1
1716,39,13,25,0
1717,32,8,200,0
1718,33,7,101,0
1719,40,16,19,1
1720,36,12,188,1
1721,52,28,8,0
1722,54,29,59,0
1723,26,2,72,0
1724,39,15,55,0
1725,46,19,24,0
1726,57,32,19,0
1727,59,33,71,1
1728,52,26,54,1
1729,52,26,28,0
1730,50,20,25,0
1731,41,17,51,1
1732,43,19,125,0
1733,25,0,88,1
1734,40,16,125,0
1735,35,10,79,0
1736,60,36,31,1
1737,57,31,131,1
1738,44,19,70,0
1739,61,36,38,1
1740,33,7,83,1
1741,45,20,59,0
1742,45,21,121,0
1743,64,38,42,0
1744,50,24,32,0
1745,28,3,29,0
1746,37,12,40,1
1747,62,36,25,1
1748,29,5,21,1
1749,49,23,79,0
1750,46,22,52,0
1751,60,34,61,0
1752,55,31,25,0
1753,33,8,155,0
1754,53,29,25,0
1755,50,24,80,0
1756,28,3,55,1
1757,42,17,23,0
1758,33,9,60,1
1759,40,14,54,0
1760,31,6,44,0
1761,41,16,33,0
1762,52,27,45,1
1763,65,35,55,1
1764,48,24,134,1
1765,45,21,44,0
1766,26,0,149,0
1767,64,38,22,0
1768,41,14,74,0
1769,43,18,128,0
1770,60,36,62,0
1771,62,37,9,0
1772,46,21,9,0
1773,36,11,15,0
1774,31,5,28,0
1775,43,18,83,1
1776,46,22,73,0
1777,50,26,42,0
1778,52,27,34,1
1779,27,3,32,0
1780,34,9,68,0
1781,49,24,82,0
1782,52,26,19,1
1783,37,11,60,1
1784,53,27,192,0
1785,54,29,119,0
1786,29,3,190,0
1787,35,11,34,0
1788,32,6,44,1
1789,38,13,23,0
1790,44,20,171,1
1791,44,20,43,1
1792,48,22,139,1
1793,46,20,118,1
1794,35,9,113,0
1795,56,32,98,0
1796,49,24,70,1
1797,57,32,42,0
1798,35,10,143,1
1799,44,20,185,0
1800,38,14,28,0
1801,57,33,45,1
1802,35,10,78,0
1803,29,3,121,0
1804,58,32,59,0
1805,40,16,64,0
1806,51,26,15,0
1807,61,36,10,0
1808,46,20,61,0
1809,55,31,50,0
1810,35,10,79,0
1811,60,34,35,0
1812,28,3,11,0
1813,43,19,128,0
1814,61,36,55,1
1815,48,22,79,0
1816,65,39,18,1
1817,45,19,91,0
1818,36,11,9,1
1819,45,20,62,0
1820,60,34,59,0
1821,47,22,25,0
1822,32,7,54,0
1823,48,23,112,0
1824,33,8,125,1
1825,49,23,194,1
1826,56,32,161,0
1827,59,33,35,0
1828,56,30,113,1
1829,30,4,25,0
1830,59,29,45,0
1831,38,13,119,0
1832,47,22,30,1
1833,54,29,79,0
1834,34,9,178,0
1835,41,16,23,0
1836,47,23,171,1
1837,44,19,74,0
1838,43,18,103,1
1839,31,7,99,0
1840,28,2,43,1
1841,55,25,23,0
1842,42,17,91,1
1843,53,29,93,0
1844,30,6,154,0
1845,65,40,21,1
1846,43,18,65,0
1847,56,32,15,0
1848,25,0,52,0
1849,35,10,30,1
1850,50,26,42,0
1851,36,10,20,0
1852,34,8,60,1
1853,32,6,54,0
1854,51,25,60,0
1855,52,25,41,0
1856,65,39,30,1
1857,51,24,21,0
1858,37,13,105,1
1859,35,11,65,0
1860,67,41,20,0
1861,30,6,179,0
1862,62,38,161,1
1863,42,17,82,0
1864,48,22,43,0
1865,61,36,61,0
1866,36,6,90,0
1867,48,24,90,0
1868,65,39,21,0
1869,25,1,118,1
1870,55,30,44,0
1871,63,37,110,0
1872,31,5,99,0
1873,43,17,98,0
1874,28,4,69,0
1875,37,11,82,1
1876,27,3,112,0
1877,62,38,123,0
1878,51,24,78,0
1879,56,30,59,0
1880,56,30,78,0
1881,44,19,49,0
1882,46,19,82,0
1883,56,32,125,1
1884,56,30,185,0
1885,57,33,163,0
1886,31,6,19,1
1887,65,41,115,0
1888,31,7,81,1
1889,36,10,93,0
1890,56,30,111,0
1891,52,27,184,0
1892,42,18,50,0
1893,55,30,55,1
1894,49,24,13,0
1895,51,25,29,1
1896,26,2,72,0
1897,32,7,83,1
1898,54,29,98,0
1899,50,24,43,0
1900,59,33,34,0
1901,61,36,10,0
1902,43,19,201,0
1903,39,14,85,1
1904,56,26,50,0
1905,38,14,91,0
1906,25,-1,112,0
1907,42,17,98,0
1908,42,18,115,0
1909,50,26,22,0
1910,56,30,101,1
1911,43,18,83,0
1912,60,35,52,0
1913,42,16,191,0
1914,57,33,134,0
1915,48,24,54,0
1916,37,11,69,0
1917,57,32,64,0
1918,62,32,53,0
1919,39,9,118,1
1920,38,13,19,1
1921,54,28,31,0
1922,45,21,63,1
1923,39,15,25,0
1924,45,19,22,0
1925,62,38,78,0
1926,43,19,81,0
1927,30,6,41,0
1928,35,10,62,0
1929,58,34,35,0
1930,44,19,30,0
1931,56,29,51,0
1932,28,2,140,0
1933,64,39,73,0
1934,63,39,40,0
1935,44,20,69,1
1936,34,9,191,1
1937,50,24,82,0
1938,51,25,181,0
1939,30,4,38,0
1940,55,31,23,0
1941,57,33,55,0
1942,43,19,58,0
1943,61,36,29,0
1944,49,23,39,0
1945,52,28,39,1
1946,57,33,30,0
1947,53,23,58,1
1948,52,28,62,0
1949,39,15,62,0
1950,58,34,19,0
1951,36,12,38,0
1952,45,21,84,1
1953,30,5,78,0
1954,49,25,22,0
1955,44,20,81,0
1956,43,17,32,0
1957,42,18,89,0
1958,29,4,121,0
1959,28,2,42,1
1960,50,24,130,0
1961,44,19,30,0
1962,52,26,114,0
1963,28,4,155,0
1964,62,38,50,1
1965,34,10,34,1
1966,45,20,94,0
1967,52,26,114,0
1968,43,18,89,1
1969,54,24,49,0
1970,64,38,115,1
1971,27,3,148,1
1972,42,17,72,1
1973,28,2,114,0
1974,47,22,11,0
1975,39,13,63,0
1976,29,3,113,1
1977,39,13,80,0
1978,41,15,54,1
1979,37,11,32,0
1980,41,17,11,0
1981,45,19,141,0
1982,52,26,84,0
1983,58,33,18,0
1984,31,5,20,0
1985,26,1,55,0
1986,31,7,31,0
1987,42,17,114,0
1988,56,31,52,1
1989,52,28,18,0
1990,59,35,55,0
1991,32,8,29,1
1992,46,22,30,0
1993,52,28,38,1
1994,30,5,122,0
1995,32,8,183,0
1996,35,11,41,0
1997,49,24,38,0
1998,54,30,61,0
1999,56,32,103,0
2000,48,22,80,0
2001,28,2,22,0
2002,44,17,128,1
2003,30,4,142,0
2004,44,20,124,1
2005,30,4,44,0
2006,47,23,170,1
2007,64,39,75,1
2008,48,21,78,1
2009,63,38,31,0
2010,25,0,99,0
2011,61,36,41,0
2012,46,21,39,0
2013,57,31,51,1
2014,40,15,52,0
2015,49,19,169,1
2016,30,5,141,0
2017,41,17,93,0
2018,42,15,14,0
2019,63,39,160,1
2020,43,17,44,0
2021,59,34,33,0
2022,46,20,103,0
2023,33,3,71,0
2024,55,29,55,0
2025,36,12,113,0
2026,47,20,79,0
2027,59,33,80,0
2028,38,12,179,0
2029,42,17,9,0
2030,30,3,61,0
2031,63,38,111,1
2032,60,35,80,0
2033,62,37,32,1
2034,49,23,83,1
2035,59,33,91,0
2036,36,10,29,1
2037,46,19,19,0
2038,35,8,52,1
2039,50,24,150,1
2040,51,25,32,0
2041,41,16,91,0
2042,45,20,180,0
2043,41,17,121,0
2044,57,32,25,1
2045,51,25,102,0
2046,52,28,44,0
2047,43,16,161,1
2048,63,38,134,1
2049,28,4,43,1
2050,43,18,94,0
2051,41,15,29,0
2052,34,8,38,0
2053,28,3,120,0
2054,58,32,85,1
2055,39,15,89,0
2056,49,23,25,0
2057,33,8,20,1
2058,37,12,125,1
2059,33,7,18,0
2060,28,3,173,0
2061,54,29,34,1
2062,63,38,159,0
2063,57,31,55,1
2064,56,30,32,0
2065,54,29,65,1
2066,29,5,83,1
2067,41,16,30,1
2068,58,32,180,1
2069,61,37,13,0
2070,30,4,35,1
2071,62,37,95,0
2072,52,28,83,0
2073,29,3,39,1
2074,46,20,54,1
2075,52,27,81,1
2076,40,16,53,0
2077,49,23,119,0
2078,34,9,160,1
2079,35,11,21,0
2080,26,2,40,0
2081,65,40,69,0
2082,52,27,45,0
2083,32,7,55,0
2084,31,7,38,0
2085,36,9,44,0
2086,50,24,45,0
2087,36,12,84,1
2088,51,27,188,0
2089,39,9,29,0
2090,53,29,95,0
2091,50,25,79,1
2092,31,4,41,0
2093,53,23,19,0
2094,48,23,75,1
2095,57,31,64,1
2096,47,21,174,0
2097,55,29,54,0
2098,37,11,14,0
2099,59,35,94,0
2100,53,29,10,0
2101,31,6,145,0
2102,35,5,203,0
2103,25,-1,81,1
2104,37,13,153,1
2105,40,14,58,0
2106,31,5,49,1
2107,62,38,132,0
2108,41,17,85,0
2109,56,32,85,0
2110,47,23,178,0
2111,28,4,104,0
2112,60,34,40,0
2113,27,2,103,0
2114,57,33,25,0
2115,62,36,69,0
2116,57,31,30,0
2117,44,17,70,0
2118,31,7,15,0
2119,31,5,125,1
2120,39,13,50,0
2121,41,17,44,0
2122,41,17,38,1
2123,55,29,64,1
2124,28,2,9,0
2125,35,9,44,0
2126,44,20,93,0
2127,44,19,83,0
2128,40,14,179,0
2129,65,40,40,0
2130,35,10,58,0
2131,55,31,74,1
2132,55,31,15,0
2133,59,35,11,1
2134,39,15,41,0
2135,50,24,68,1
2136,45,15,28,0
2137,50,26,115,1
2138,65,40,83,0
2139,36,11,40,0
2140,57,32,113,0
2141,53,27,89,0
2142,28,4,38,0
2143,55,31,62,0
2144,56,31,65,0
2145,33,6,168,0
2146,57,32,40,1
2147,27,3,30,0
2148,27,3,20,0
2149,54,30,58,0
2150,48,22,150,0
2151,62,38,54,1
2152,41,16,19,0
2153,62,38,30,0
2154,40,14,123,0
2155,32,8,45,0
2156,62,38,154,0
2157,35,11,93,1
2158,25,0,71,0
2159,50,25,83,1
2160,61,35,99,1
2161,43,17,55,0
2162,52,28,38,1
2163,39,13,74,0
2164,33,3,69,0
2165,27,3,104,0
2166,27,0,38,0
2167,32,8,25,1
2168,65,40,162,0
2169,55,29,64,0
2170,52,27,30,1
2171,39,13,52,1
2172,35,11,42,0
2173,39,15,79,0
2174,34,10,34,0
2175,30,5,123,0
2176,37,12,160,0
2177,41,14,51,0
2178,31,7,108,0
2179,37,13,158,1
2180,49,23,68,0
2181,58,33,42,0
2182,45,15,32,0
2183,40,14,22,0
2184,34,8,29,1
2185,62,36,183,0
2186,54,30,69,1
2187,26,2,92,0
2188,54,30,40,0
2189,29,4,9,1
2190,48,23,128,1
2191,27,3,110,1
2192,42,18,171,0
2193,25,1,13,1
2194,45,19,25,0
2195,34,9,123,0
2196,51,27,33,0
2197,51,24,189,0
2198,60,35,34,0
2199,59,35,58,0
2200,49,24,51,1
2201,50,25,29,0
2202,41,16,111,0
2203,49,24,43,0
2204,50,25,130,0
2205,63,37,20,0
2206,63,37,101,0
2207,33,7,48,0
2208,38,12,180,0
2209,64,40,92,0
2210,36,10,33,0
2211,58,33,51,0
2212,39,14,31,1
2213,46,22,83,0
2214,61,37,45,0
2215,53,27,89,1
2216,28,3,193,0
2217,64,40,89,0
2218,48,24,162,0
2219,38,13,9,0
2220,52,22,58,0
2221,65,40,80,0
2222,59,33,73,1
2223,45,20,41,0
2224,53,28,74,0
2225,38,12,29,0
2226,54,24,25,0
2227,25,1,98,0
2228,61,35,59,1
2229,48,23,43,0
2230,46,22,72,1
2231,36,11,183,1
2232,46,20,134,0
2233,59,33,140,0
2234,59,35,39,0
2235,36,12,35,0
2236,63,37,141,1
2237,51,24,23,0
2238,30,5,134,1
2239,48,22,35,0
2240,55,29,42,0
2241,41,17,81,0
2242,26,0,14,0
2243,41,17,45,0
2244,54,28,79,1
2245,57,31,53,0
2246,54,28,33,1
2247,35,11,190,0
2248,60,34,60,0
2249,63,37,8,0
2250,41,14,38,0
2251,46,22,154,0
2252,31,5,54,0
2253,58,32,41,0
2254,59,35,25,0
2255,46,22,53,0
2256,33,9,79,0
2257,56,31,13,1
2258,47,23,130,0
2259,59,33,93,0
2260,24,0,82,0
2261,39,14,15,0
2262,30,3,150,0
2263,55,29,131,1
2264,47,21,28,0
2265,35,11,9,0
2266,47,23,88,0
2267,38,13,143,0
2268,38,13,168,0
2269,27,3,105,0
2270,42,18,62,0
2271,26,2,51,0
2272,60,34,101,1
2273,27,3,90,0
2274,27,1,83,1
2275,40,15,21,0
2276,40,16,115,0
2277,29,3,172,0
2278,30,6,32,0
2279,30,4,204,0
2280,47,23,34,1
2281,33,7,30,0
2282,57,32,31,1
2283,38,14,90,1
2284,54,28,79,0
2285,47,23,22,1
2286,48,22,114,0
2287,62,36,42,0
2288,30,6,29,0
2289,35,11,72,0
2290,59,35,68,0
2291,38,13,78,0
2292,47,23,90,0
2293,57,33,170,0
2294,42,17,14,0
2295,39,15,129,0
2296,53,23,39,0
2297,27,3,82,1
2298,59,35,31,1
2299,48,24,9,1
2300,62,37,15,0
2301,66,41,70,0
2302,38,13,84,0
2303,42,17,155,1
2304,47,21,89,1
2305,27,2,170,0
2306,32,7,185,1
2307,37,13,82,0
2308,56,31,60,0
2309,39,13,58,0
2310,36,12,29,0
2311,32,6,32,0
2312,62,37,115,1
2313,48,22,83,0
2314,58,32,54,1
2315,27,2,112,0
2316,52,26,182,0
2317,54,30,112,0
2318,31,5,129,1
2319,60,34,23,0
2320,34,9,198,0
2321,46,22,84,0
2322,41,15,39,0
2323,62,37,129,0
2324,31,7,113,0
2325,41,11,35,0
2326,55,30,85,0
2327,45,19,73,0
2328,51,25,70,0
2329,27,2,130,0
2330,30,4,39,0
2331,31,5,72,1
2332,61,37,68,0
2333,40,16,35,1
2334,45,21,61,1
2335,45,21,69,0
2336,37,13,59,0
2337,34,8,99,0
2338,43,16,201,1
2339,42,18,130,1
2340,56,31,72,0
2341,33,9,44,0
2342,36,10,91,0
2343,62,37,92,0
2344,58,34,55,1
2345,65,40,20,1
2346,65,40,89,0
2347,52,26,59,1
2348,64,39,8,1
2349,51,25,85,1
2350,59,35,94,0
2351,52,28,22,1
2352,55,31,74,1
2353,46,19,59,0
2354,61,36,12,1
2355,35,9,8,0
2356,56,31,74,1
2357,31,5,184,1
2358,44,19,34,0
2359,53,27,63,0
2360,36,12,123,1
2361,27,1,85,0
2362,36,12,109,0
2363,40,15,31,0
2364,39,13,61,0
2365,59,35,88,1
2366,43,18,22,0
2367,30,4,63,0
2368,26,1,80,1
2369,48,22,78,1
2370,50,24,45,0
2371,33,7,51,1
2372,32,6,111,0
2373,34,10,45,1
2374,33,9,184,0
2375,32,5,41,0
2376,55,30,69,1
2377,58,33,23,0
2378,47,23,160,0
2379,30,5,61,0
2380,42,18,110,0
2381,40,16,50,0
2382,33,9,49,0
2383,46,20,185,1
2384,63,39,52,1
2385,62,37,53,0
2386,43,17,125,0
2387,31,5,72,0
2388,28,2,51,1
2389,64,39,23,0
2390,27,1,41,1
2391,33,9,41,0
2392,39,12,138,0
2393,44,20,138,1
2394,53,28,14,1
2395,42,18,145,0
2396,44,17,25,1
2397,34,10,43,1
2398,47,22,93,0
2399,53,29,90,1
2400,62,36,41,0
2401,61,36,169,1
2402,42,17,63,0
2403,48,21,23,0
2404,38,13,140,0
2405,41,15,75,0
2406,57,32,13,0
2407,31,7,10,0
2408,39,15,100,0
2409,48,22,85,0
2410,55,31,73,0
2411,29,4,130,1
2412,47,22,65,0
2413,61,36,59,0
2414,60,34,31,0
2415,34,10,134,0
2416,45,21,11,1
2417,60,35,32,0
2418,25,0,53,1
2419,41,17,28,1
2420,63,37,44,0
2421,63,39,40,1
2422,43,19,40,0
2423,58,32,163,0
2424,50,25,82,0
2425,38,12,89,0
2426,54,30,78,1
2427,61,36,55,0
2428,29,5,34,0
2429,39,12,108,1
2430,33,7,58,1
2431,23,-1,73,0
2432,56,31,54,0
2433,54,30,45,1
2434,37,11,123,0
2435,38,12,93,0
2436,34,9,102,0
2437,53,29,39,0
2438,65,40,114,1
2439,62,37,29,1
2440,51,25,30,1
2441,31,5,22,0
2442,64,38,38,1
2443,39,15,41,0
2444,28,3,161,1
2445,60,35,38,1
2446,47,23,25,0
2447,25,1,70,0
2448,44,19,201,1
2449,51,26,42,1
2450,31,7,64,0
2451,32,7,28,0
2452,51,25,119,1
2453,25,1,28,0
2454,43,19,60,0
2455,54,29,23,0
2456,34,8,164,0
2457,54,30,39,1
2458,42,17,19,1
2459,46,20,72,1
2460,62,37,41,1
2461,31,5,32,0
2462,30,5,69,0
2463,52,28,23,0
2464,35,9,44,0
2465,60,36,32,0
2466,58,34,25,0
2467,24,-2,80,0
2468,40,16,83,0
2469,49,23,133,1
2470,43,18,89,1
2471,33,7,81,1
2472,36,11,44,0
2473,62,36,119,0
2474,57,32,39,0
2475,64,38,40,0
2476,52,26,79,0
2477,54,28,30,0
2478,40,14,179,0
2479,30,5,178,0
2480,55,30,82,0
2481,39,13,50,0
2482,55,30,64,0
2483,28,4,129,1
2484,44,18,68,0
2485,46,21,30,0
2486,61,36,48,1
2487,61,36,130,0
2488,45,20,40,0
2489,38,14,105,0
2490,29,3,41,0
2491,52,28,168,0
2492,38,14,80,0
2493,28,3,134,0
2494,34,9,49,0
2495,35,9,63,0
2496,46,22,70,1
2497,63,37,32,0
2498,33,9,14,0
2499,38,14,111,0
2500,53,27,38,0
2501,28,2,121,0
2502,44,18,90,0
2503,58,31,178,0
2504,38,14,20,1
2505,48,24,61,1
2506,33,7,43,0
2507,66,42,39,1
2508,59,34,60,1
2509,40,15,63,0
2510,36,11,8,1
2511,62,38,52,1
2512,51,27,92,1
2513,58,32,111,0
2514,52,26,71,0
2515,41,16,25,0
2516,31,5,34,0
2517,28,3,74,0
2518,57,31,120,1
2519,61,37,50,1
2520,60,36,10,1
2521,56,29,45,0
2522,49,23,29,1
2523,63,37,145,0
2524,49,23,100,0
2525,49,25,24,0
2526,32,8,60,1
2527,26,1,50,0
2528,27,1,43,0
2529,57,31,79,1
2530,29,5,44,1
2531,56,30,31,0
2532,59,35,14,0
2533,53,28,19,1
2534,54,29,111,0
2535,56,30,90,0
2536,50,25,21,0
2537,51,25,104,0
2538,53,27,75,0
2539,37,12,175,1
2540,32,7,98,0
2541,49,23,41,0
2542,34,8,171,0
2543,54,30,79,0
2544,64,39,24,0
2545,58,34,90,0
2546,25,-1,39,0
2547,50,25,9,0
2548,38,13,15,0
2549,48,24,80,0
2550,41,15,63,1
2551,32,8,20,0
2552,46,22,43,1
2553,39,15,65,0
2554,39,15,91,0
2555,63,39,53,0
2556,58,32,110,0
2557,28,4,82,0
2558,36,11,23,0
2559,43,19,172,0
2560,36,12,88,0
2561,44,18,71,0
2562,31,5,180,0
2563,45,21,39,1
2564,39,13,94,1
2565,43,16,25,0
2566,40,15,10,0
2567,30,5,42,0
2568,58,33,142,1
2569,46,21,34,0
2570,35,10,139,0
2571,30,4,154,0
2572,34,8,40,0
2573,62,32,33,1
2574,58,34,80,1
2575,45,18,10,0
2576,42,16,41,0
2577,60,36,30,1
2578,55,29,78,0
2579,45,21,164,1
2580,52,27,23,0
2581,31,7,149,0
2582,60,34,25,0
2583,33,9,42,0
2584,37,11,71,1
2585,59,34,114,0
2586,51,26,70,1
2587,47,23,149,1
2588,60,33,55,0
2589,61,36,29,0
2590,64,40,123,1
2591,46,20,152,1
2592,31,7,8,0
2593,57,32,69,0
2594,48,23,161,0
2595,48,23,79,0
2596,35,10,105,0
2597,33,8,39,0
2598,47,23,163,0
2599,46,20,9,0
2600,44,20,71,1
2601,42,18,51,0
2602,50,24,32,0
2603,52,26,161,1
2604,53,27,60,0
2605,37,10,35,0
2606,64,40,41,0
2607,46,22,73,0
2608,57,33,49,1
2609,61,35,79,1
2610,42,18,120,0
2611,40,16,60,0
2612,33,8,78,0
2613,50,26,40,0
2614,52,26,110,0
2615,35,11,160,0
2616,57,32,68,1
2617,56,31,49,0
2618,44,20,65,0
2619,23,-3,55,0
2620,33,8,62,1
2621,48,22,152,0
2622,45,18,42,0
2623,54,28,39,0
2624,42,17,111,1
2625,47,21,82,0
2626,61,36,108,0
2627,53,27,59,0
2628,56,30,61,0
2629,33,6,78,0
2630,44,18,18,0
2631,63,37,113,1
2632,47,20,62,0
2633,50,24,81,0
2634,49,25,13,0
2635,34,9,75,0
2636,40,14,33,0
2637,38,13,179,0
2638,51,26,69,0
2639,28,4,45,0
2640,52,26,59,0
2641,39,13,81,0
2642,29,5,133,0
2643,54,29,81,0
2644,63,38,14,1
2645,40,14,28,0
2646,36,12,93,0
2647,45,20,191,0
2648,61,37,155,0
2649,26,0,155,0
2650,33,8,68,0
2651,64,40,52,0
2652,43,17,51,0
2653,24,0,44,0
2654,30,5,121,0
2655,60,36,49,0
2656,50,26,42,0
2657,40,15,144,0
2658,31,6,72,0
2659,30,4,44,0
2660,60,35,43,0
2661,39,14,74,0
2662,66,41,145,0
2663,65,41,158,0
2664,54,28,78,0
2665,54,29,154,0
2666,35,9,105,0
2667,32,7,100,0
2668,63,39,58,0
2669,60,35,113,0
2670,43,18,10,1
2671,59,33,142,0
2672,62,37,128,0
2673,30,5,131,0
2674,54,30,88,0
2675,30,6,101,0
2676,31,1,70,1
2677,44,20,122,0
2678,32,8,70,0
2679,63,38,148,0
2680,57,32,43,0
2681,60,30,31,0
2682,37,11,35,0
2683,53,27,81,0
2684,51,25,19,0
2685,30,5,98,1
2686,28,2,101,0
2687,50,24,81,0
2688,52,27,135,0
2689,56,30,34,0
2690,40,16,104,0
2691,64,38,29,0
2692,61,36,119,0
2693,46,20,82,1
2694,55,29,62,0
2695,45,19,85,1
2696,40,15,8,0
2697,63,37,78,0
2698,57,32,44,0
2699,38,14,122,1
2700,37,11,22,0
2701,31,5,39,1
2702,50,26,55,0
2703,42,18,144,0
2704,51,27,71,1
2705,38,13,191,0
2706,53,26,22,0
2707,43,17,158,0
2708,35,9,131,1
2709,49,24,75,1
2710,28,4,69,0
2711,51,27,39,0
2712,39,14,34,1
2713,31,7,32,0
2714,44,18,129,0
2715,46,20,158,1
2716,42,18,54,0
2717,41,17,34,0
2718,23,-2,45,1
2719,59,33,68,0
2720,47,21,53,0
2721,48,23,32,1
2722,58,33,173,0
2723,58,34,31,0
2724,54,29,72,0
2725,49,24,30,1
2726,63,38,138,0
2727,62,37,18,0
2728,45,19,69,1
2729,39,13,58,0
2730,58,34,63,0
2731,56,30,43,0
2732,29,5,28,0
2733,33,9,38,0
2734,55,29,72,0
2735,56,31,64,0
2736,36,12,70,0
2737,53,29,12,0
2738,57,31,159,0
2739,35,9,103,0
2740,43,18,42,0
2741,54,29,48,0
2742,29,3,49,0
2743,39,14,89,0
2744,32,8,22,1
2745,51,27,10,0
2746,50,25,38,1
2747,54,29,49,1
2748,38,12,30,1
2749,32,7,82,1
2750,62,37,82,0
2751,57,33,24,0
2752,47,23,32,1
2753,51,25,34,0
2754,54,27,195,0
2755,26,1,61,0
2756,37,11,22,1
2757,27,0,40,0
2758,63,38,50,0
2759,62,36,35,1
2760,59,33,64,0
2761,32,7,49,0
2762,35,8,44,1
2763,56,31,65,0
2764,55,31,13,0
2765,31,5,84,1
2766,54,29,28,0
2767,58,32,108,0
2768,48,24,59,0
2769,48,22,163,0
2770,33,9,183,0
2771,36,6,69,0
2772,41,16,115,0
2773,55,31,130,1
2774,63,37,185,0
2775,53,29,118,0
2776,38,13,163,0
2777,46,20,140,1
2778,59,33,91,1
2779,56,31,61,1
2780,59,35,168,0
2781,39,13,69,0
2782,47,21,22,0
2783,47,22,53,0
2784,53,26,25,1
2785,36,9,115,0
2786,34,9,31,1
2787,36,10,83,1
2788,60,34,152,0
2789,45,20,30,0
2790,27,3,34,1
2791,47,22,44,1
2792,44,20,182,0
2793,54,30,44,0
2794,57,33,122,1
2795,52,26,35,0
2796,51,25,91,0
2797,57,32,30,0
2798,65,39,53,0
2799,58,33,28,0
2800,64,39,85,0
2801,52,26,28,1
2802,58,34,41,0
2803,52,22,154,0
2804,43,18,41,0
2805,56,32,33,0
2806,37,12,182,0
2807,53,27,59,0
2808,27,2,129,0
2809,53,27,35,0
2810,42,16,185,1
2811,58,34,45,0
2812,36,12,62,0
2813,53,28,183,1
2814,48,22,14,0
2815,54,28,53,1
2816,26,1,48,0
2817,50,26,128,0
2818,31,7,105,0
2819,35,9,40,1
2820,63,37,10,0
2821,29,4,102,0
2822,57,32,31,0
2823,30,5,30,0
2824,33,7,21,0
2825,62,36,44,0
2826,35,10,48,0
2827,37,11,21,0
2828,37,11,84,1
2829,35,10,64,0
2830,35,9,82,0
2831,59,35,39,0
2832,53,27,45,1
2833,45,21,133,1
2834,46,22,152,0
2835,40,16,12,0
2836,42,16,32,0
2837,25,1,74,0
2838,39,14,54,1
2839,30,6,181,1
2840,58,33,75,0
2841,41,15,95,0
2842,37,11,190,0
2843,36,11,90,0
2844,27,3,20,1
2845,60,34,64,0
2846,62,36,85,0
2847,67,43,105,0
2848,44,18,21,0
2849,24,-1,78,0
2850,45,21,158,1
2851,58,34,125,0
2852,61,36,81,0
2853,54,29,183,1
2854,28,3,54,0
2855,49,24,79,0
2856,35,11,38,0
2857,36,10,172,0
2858,34,8,184,0
2859,36,11,158,1
2860,35,11,188,0
2861,27,2,20,0
2862,42,18,60,1
2863,65,39,113,0
2864,29,5,70,1
2865,65,41,84,1
2866,59,33,23,0
2867,46,22,141,1
2868,59,33,110,0
2869,52,26,31,1
2870,60,35,22,0
2871,43,17,91,0
2872,65,39,82,0
2873,50,26,23,0
2874,48,23,35,0
2875,49,25,114,0
2876,58,33,18,1
2877,24,-2,80,0
2878,58,32,74,1
2879,45,19,122,0
2880,42,15,73,0
2881,64,40,40,0
2882,49,25,55,0
2883,55,31,69,1
2884,40,14,92,0
2885,28,2,48,1
2886,57,31,113,0
2887,50,25,58,0
2888,40,16,109,0
2889,55,28,39,1
2890,53,29,33,0
2891,48,24,18,1
2892,59,33,63,1
2893,58,32,43,0
2894,38,14,70,0
2895,49,25,19,0
2896,60,36,39,0
2897,54,28,81,0
2898,28,2,34,0
2899,27,1,140,0
2900,42,18,114,0
2901,52,28,55,0
2902,54,30,21,0
2903,56,30,50,0
2904,58,34,41,1
2905,56,32,190,0
2906,64,40,8,0
2907,35,8,55,0
2908,45,20,40,1
2909,57,32,22,0
2910,35,8,44,1
2911,46,22,102,0
2912,30,4,54,0
2913,44,20,130,0
2914,39,12,75,1
2915,42,18,42,0
2916,34,9,133,0
2917,46,20,40,0
2918,55,31,34,0
2919,28,3,142,0
2920,35,10,64,1
2921,60,35,44,0
2922,50,24,95,0
2923,52,26,49,0
2924,51,27,12,0
2925,51,26,98,1
2926,59,35,42,0
2927,53,28,44,1
2928,43,17,124,0
2929,31,6,175,0
2930,32,6,22,0
2931,41,17,78,0
2932,31,4,54,1
2933,41,16,154,1
2934,47,22,42,0
2935,37,13,195,0
2936,53,23,80,1
2937,49,22,81,0
2938,62,36,89,1
2939,33,9,61,0
2940,54,24,25,1
2941,27,3,43,0
2942,60,35,122,0
2943,29,5,160,0
2944,56,32,83,0
2945,55,30,79,0
2946,45,19,30,1
2947,33,9,145,0
2948,45,21,151,0
2949,44,18,14,1
2950,37,11,19,0
2951,42,16,55,0
2952,26,2,132,1
2953,33,8,182,0
2954,61,36,78,1
2955,31,7,42,1
2956,54,29,44,0
2957,62,38,195,1
2958,61,36,53,0
2959,66,41,65,0
2960,38,12,43,0
2961,55,29,38,1
2962,60,36,50,0
2963,23,-2,81,0
2964,29,3,41,1
2965,35,10,73,0
2966,53,27,31,1
2967,32,7,84,1
2968,38,14,95,1
2969,44,18,162,0
2970,43,18,60,0
2971,54,30,121,0
2972,52,25,43,1
2973,31,7,38,1
2974,47,22,82,0
2975,42,18,52,0
2976,57,33,43,1
2977,33,8,82,1
2978,35,10,161,0
2979,56,30,24,0
2980,57,32,102,0
2981,25,-1,53,0
2982,53,28,85,0
2983,59,33,111,0
2984,56,32,90,1
2985,54,28,94,0
2986,48,23,63,0
2987,55,30,153,0
2988,33,7,39,0
2989,46,21,205,0
2990,42,18,142,0
2991,49,25,163,0
2992,42,17,113,0
2993,46,21,64,1
2994,65,40,20,1
2995,50,24,179,0
2996,54,24,91,0
2997,42,18,103,1
2998,57,33,80,0
2999,61,35,38,0
3000,60,34,44,1
3001,40,14,164,0
3002,33,7,81,1
3003,37,13,95,0
3004,52,28,44,1
3005,33,7,88,1
3006,62,36,148,0
3007,62,37,169,1
3008,63,37,11,1
3009,55,25,92,1
3010,33,9,74,0
3011,25,1,72,0
3012,55,31,63,0
3013,29,3,172,0
3014,45,21,183,1
3015,60,34,40,0
3016,44,18,68,1
3017,48,23,78,0
3018,57,32,68,0
3019,58,32,49,1
3020,58,33,39,0
3021,44,20,151,0
3022,54,28,159,0
3023,59,33,89,1
3024,63,37,105,1
3025,61,35,78,1
3026,58,32,128,0
3027,44,20,81,1
3028,53,29,50,0
3029,63,39,38,1
3030,41,17,119,0
3031,50,26,110,0
3032,51,25,29,1
3033,47,22,19,0
3034,43,19,130,1
3035,46,21,38,0
3036,50,24,31,0
3037,33,9,14,0
3038,27,2,158,0
3039,34,8,39,0
3040,34,9,141,1
3041,28,2,33,0
3042,29,5,92,0
3043,52,26,78,0
3044,47,22,42,1
3045,41,16,15,0
3046,58,32,48,0
3047,37,12,63,0
3048,57,33,149,0
3049,63,39,49,0
3050,60,35,125,0
3051,50,25,58,0
3052,60,35,48,0
3053,54,30,75,1
3054,28,4,114,0
3055,45,21,134,1
3056,28,2,111,0
3057,54,29,62,0
3058,42,18,45,0
3059,30,4,113,0
3060,61,36,128,0
3061,64,38,168,0
3062,38,13,81,0
3063,39,14,75,1
3064,54,29,21,0
3065,59,33,83,0
3066,39,15,121,0
3067,63,33,40,0
3068,31,5,101,0
3069,56,26,90,0
3070,47,20,68,1
3071,28,3,74,0
3072,32,8,74,1
3073,54,30,51,0
3074,29,5,149,0
3075,39,15,31,1
3076,26,0,85,0
3077,29,-1,62,1
3078,46,21,44,0
3079,38,13,63,1
3080,55,31,23,1
3081,48,22,40,0
3082,36,10,78,1
3083,39,13,40,0
3084,40,16,78,0
3085,26,0,129,0
3086,55,29,71,1
3087,61,35,23,0
3088,57,33,15,0
3089,56,31,28,1
3090,31,5,23,0
3091,61,31,19,0
3092,58,32,42,1
3093,43,18,113,0
3094,29,5,34,1
3095,50,23,19,1
3096,49,25,43,1
3097,43,18,179,0
3098,58,32,44,0
3099,41,16,21,0
3100,65,40,115,1
3101,52,27,81,1
3102,55,31,91,0
3103,49,25,30,1
3104,52,22,55,0
3105,56,31,48,1
3106,30,4,23,0
3107,36,10,21,0
3108,41,17,55,0
3109,42,15,21,0
3110,60,34,40,0
3111,44,20,30,1
3112,34,9,78,0
3113,56,32,65,0
3114,31,5,50,0
3115,29,4,55,0
3116,31,5,111,0
3117,36,10,21,1
3118,42,16,65,0
3119,64,39,114,0
3120,61,36,54,0
3121,35,11,75,0
3122,28,2,13,1
3123,38,14,54,0
3124,44,17,22,1
3125,45,20,198,1
3126,46,20,18,1
3127,57,32,74,1
3128,40,14,61,0
3129,38,12,64,0
3130,39,14,10,1
3131,23,-2,82,1
3132,47,22,61,1
3133,32,7,83,0
3134,30,5,73,0
3135,54,30,22,0
3136,25,0,91,0
3137,60,34,65,1
3138,61,36,13,0
3139,36,11,103,0
3140,52,26,95,0
3141,33,7,31,1
3142,57,31,131,0
3143,34,8,175,1
3144,50,24,38,0
3145,43,18,104,0
3146,34,10,114,0
3147,26,1,38,0
3148,26,0,30,1
3149,48,22,19,0
3150,49,25,25,1
3151,47,22,124,0
3152,43,19,20,0
3153,40,15,83,0
3154,31,5,18,1
3155,27,1,99,1
3156,55,29,62,0
3157,54,30,24,0
3158,23,-1,13,0
3159,54,28,64,0
3160,57,33,62,0
3161,41,15,158,1
3162,28,4,88,0
3163,33,7,28,0
3164,51,27,52,0
3165,28,4,82,1
3166,63,37,140,1
3167,29,4,80,1
3168,62,38,58,1
3169,51,25,180,0
3170,52,28,55,0
3171,43,16,65,0
3172,39,12,62,0
3173,35,9,23,0
3174,34,10,35,0
3175,49,24,35,1
3176,43,18,74,0
3177,48,24,14,0
3178,30,4,83,1
3179,46,21,71,0
3180,43,17,53,0
3181,27,3,103,0
3182,39,15,109,0
3183,58,33,60,0
3184,44,17,12,0
3185,39,15,141,0
3186,35,10,128,0
3187,41,16,98,0
3188,43,18,41,0
3189,55,25,90,1
3190,32,6,31,0
3191,56,26,74,0
3192,30,5,83,1
3193,65,39,35,0
3194,31,7,140,1
3195,41,15,65,0
3196,55,29,35,0
3197,37,7,73,1
3198,34,10,29,0
3199,34,9,55,1
3200,33,9,20,0
3201,48,23,70,0
3202,28,3,81,0
3203,30,4,25,0
3204,44,20,119,0
3205,61,35,49,0
3206,59,33,38,1
3207,33,7,80,1
3208,56,32,84,1
3209,53,29,61,0
3210,42,16,173,1
3211,43,19,60,0
3212,35,9,83,0
3213,61,35,59,0
3214,39,9,32,0
3215,61,37,33,0
3216,40,15,19,0
3217,34,8,14,0
3218,65,39,94,1
3219,40,16,154,0
3220,39,15,33,0
3221,61,35,28,0
3222,40,16,44,0
3223,49,23,81,0
3224,43,18,29,0
3225,45,21,58,0
3226,52,28,38,1
3227,32,8,82,1
3228,31,7,18,0
3229,27,2,45,1
3230,33,9,64,0
3231,65,40,48,1
3232,62,37,24,0
3233,55,25,65,0
3234,46,20,111,0
3235,37,12,114,0
3236,60,35,39,0
3237,44,14,19,1
3238,35,9,22,1
3239,52,28,49,0
3240,30,4,40,0
3241,62,36,63,0
3242,41,15,55,0
3243,38,14,33,0
3244,52,26,31,0
3245,48,24,24,0
3246,47,22,81,1
3247,41,17,81,0
3248,44,20,113,1
3249,31,6,92,0
3250,50,25,81,0
3251,36,11,101,1
3252,52,26,78,1
3253,62,38,78,0
3254,55,30,35,1
3255,61,37,9,0
3256,34,7,82,1
3257,34,9,41,0
3258,59,35,84,0
3259,41,17,42,0
3260,33,8,54,1
3261,55,30,84,0
3262,64,40,131,0
3263,44,19,85,0
3264,32,8,84,0
3265,67,41,114,0
3266,40,14,61,0
3267,57,31,39,1
3268,59,35,21,0
3269,43,17,111,0
3270,58,34,68,0
3271,50,23,179,0
3272,52,27,93,1
3273,35,9,85,0
3274,40,15,180,0
3275,31,5,110,0
3276,32,8,65,0
3277,55,31,159,0
3278,43,19,81,0
3279,31,6,132,0
3280,26,-1,44,0
3281,58,33,98,0
3282,51,25,62,1
3283,45,21,91,0
3284,56,30,29,0
3285,25,-1,101,1
3286,38,13,65,0
3287,62,36,58,1
3288,39,13,32,0
3289,56,30,140,0
3290,50,25,44,1
3291,52,27,113,0
3292,53,28,38,0
3293,25,-1,13,0
3294,44,20,62,0
3295,42,12,29,0
3296,42,16,141,0
3297,63,37,132,0
3298,57,32,23,1
3299,56,32,11,0
3300,60,34,90,0
3301,62,38,43,0
3302,48,22,59,1
3303,37,11,28,0
3304,55,29,28,1
3305,42,17,108,0
3306,39,13,78,0
3307,47,22,65,0
3308,34,10,25,0
3309,48,23,108,1
3310,52,27,43,0
3311,53,29,95,1
3312,49,25,24,0
3313,47,22,190,0
3314,48,24,24,0
3315,38,13,41,0
3316,48,22,80,0
3317,56,26,63,0
3318,65,41,79,0
3319,46,20,105,0
3320,60,35,153,1
3321,50,25,114,1
3322,41,15,120,0
3323,41,16,104,1
3324,60,35,20,0
3325,57,31,41,0
3326,48,23,35,0
3327,53,27,174,0
3328,42,18,164,1
3329,45,20,22,0
3330,35,10,132,1
3331,34,9,32,0
3332,67,42,21,1
3333,36,9,49,1
3334,37,13,79,0
3335,40,14,30,0
3336,35,10,118,0
3337,60,34,11,0
3338,59,29,61,0
3339,35,9,43,0
3340,27,1,141,0
3341,29,3,54,0
3342,35,9,33,0
3343,38,13,84,1
3344,62,37,125,0
3345,43,19,110,1
3346,35,11,14,1
3347,41,15,65,1
3348,65,41,78,1
3349,61,35,18,0
3350,55,25,95,0
3351,28,3,95,0
3352,52,26,191,0
3353,34,4,19,0
3354,49,23,19,1
3355,42,18,39,0
3356,49,23,93,1
3357,49,23,115,0
3358,32,6,112,1
3359,59,35,40,0
3360,43,19,45,0
3361,48,24,133,0
3362,31,5,85,1
3363,30,4,18,0
3364,58,34,54,0
3365,41,15,41,0
3366,38,8,21,0
3367,33,9,152,1
3368,51,27,53,0
3369,45,18,163,1
3370,34,10,84,0
3371,39,13,59,0
3372,44,18,33,0
3373,55,29,81,0
3374,28,2,182,1
3375,57,31,61,0
3376,43,18,88,0
3377,46,21,170,0
3378,35,10,83,0
3379,25,0,44,1
3380,65,41,83,0
3381,64,38,21,1
3382,39,15,143,1
3383,62,36,103,0
3384,46,22,135,0
3385,36,11,162,0
3386,42,17,73,0
3387,35,10,142,0
3388,63,37,25,0
3389,45,21,115,0
3390,27,3,88,0
3391,29,3,73,0
3392,55,29,94,0
3393,32,7,58,0
3394,37,11,81,1
3395,25,-1,113,0
3396,41,16,35,0
3397,52,28,65,1
3398,31,6,170,0
3399,40,14,62,1
3400,54,29,54,0
3401,48,22,39,0
3402,39,15,28,1
3403,64,40,95,1
3404,54,29,82,0
3405,39,14,21,0
3406,55,30,50,0
3407,42,12,34,1
3408,58,32,19,0
3409,45,21,71,0
3410,29,5,113,1
3411,36,11,9,0
3412,63,37,118,0
3413,55,29,79,0
3414,54,24,72,1
3415,61,36,18,0
3416,36,12,93,1
3417,61,37,62,0
3418,39,12,23,1
3419,57,31,40,1
3420,35,10,34,1
3421,66,41,114,1
3422,49,23,125,1
3423,48,23,41,1
3424,61,35,38,0
3425,44,19,45,1
3426,23,-1,12,0
3427,31,5,115,0
3428,39,15,175,0
3429,45,21,24,0
3430,39,14,28,1
3431,64,38,32,1
3432,64,38,63,0
3433,47,23,32,1
3434,34,9,60,0
3435,56,31,53,0
3436,33,8,58,0
3437,56,29,42,0
3438,57,31,39,0
3439,43,17,72,0
3440,43,17,80,1
3441,26,1,39,1
3442,64,40,18,1
3443,43,18,30,0
3444,44,18,54,0
3445,60,35,128,0
3446,37,13,38,1
3447,56,32,120,0
3448,54,29,25,0
3449,43,18,85,1
3450,57,32,135,0
3451,29,4,14,1
3452,54,30,70,1
3453,61,37,23,0
3454,29,3,31,0
3455,47,21,132,0
3456,43,19,28,1
3457,46,22,125,0
3458,55,31,91,0
3459,48,23,191,1
3460,26,1,88,0
3461,63,37,84,1
3462,57,27,64,0
3463,58,33,28,0
3464,28,3,149,0
3465,61,37,172,1
3466,65,41,42,0
3467,33,6,53,1
3468,63,37,149,0
3469,43,19,113,1
3470,26,2,79,0
3471,57,31,175,1
3472,50,25,38,0
3473,54,27,120,0
3474,59,34,52,0
3475,49,24,42,0
3476,54,30,13,0
3477,65,39,141,0
3478,34,10,131,1
3479,31,6,133,0
3480,31,6,64,0
3481,64,39,49,0
3482,52,26,34,0
3483,57,33,91,0
3484,60,36,195,0
3485,45,18,53,0
3486,39,13,39,0
3487,25,1,20,1
3488,29,4,104,1
3489,40,15,51,0
3490,36,12,154,0
3491,33,9,38,0
3492,51,27,12,1
3493,35,9,28,1
3494,54,28,33,0
3495,29,2,31,0
3496,32,8,44,0
3497,37,13,49,0
3498,55,31,134,0
3499,30,6,182,0
3500,49,23,114,0
3501,51,26,90,1
3502,65,39,105,0
3503,32,8,58,0
3504,29,3,53,0
3505,46,20,15,0
3506,64,39,103,1
3507,27,1,58,1
3508,50,23,83,1
3509,33,9,125,0
3510,38,12,61,0
3511,38,11,69,0
3512,37,11,89,0
3513,46,20,70,1
3514,31,4,39,0
3515,35,9,41,0
3516,50,26,148,0
3517,45,21,38,0
3518,30,6,95,1
3519,60,36,129,0
3520,31,5,84,0
3521,60,35,29,0
3522,36,10,30,0
3523,64,40,90,0
3524,29,4,150,1
3525,58,33,15,0
3526,59,34,13,0
3527,58,33,9,0
3528,35,10,24,0
3529,43,17,41,0
3530,33,7,25,1
3531,54,28,49,0
3532,38,12,58,1
3533,38,12,141,1
3534,57,32,50,0
3535,34,10,61,1
3536,52,27,65,1
3537,50,24,112,0
3538,60,34,19,0
3539,26,0,23,0
3540,56,30,60,0
3541,39,15,30,1
3542,45,20,144,0
3543,30,5,118,0
3544,37,11,194,0
3545,45,19,109,0
3546,48,22,174,0
3547,65,40,34,1
3548,46,20,84,0
3549,40,16,41,1
3550,33,7,92,0
3551,40,10,19,0
3552,60,35,55,0
3553,51,27,22,1
3554,41,16,155,0
3555,37,13,72,0
3556,35,9,81,0
3557,35,11,30,1
3558,46,20,54,1
3559,60,34,60,0
3560,51,25,68,0
3561,31,5,65,0
3562,30,6,31,0
3563,32,8,169,0
3564,53,27,139,0
3565,33,7,29,0
3566,40,15,43,1
3567,57,33,80,1
3568,51,26,43,0
3569,30,4,194,1
3570,41,15,24,0
3571,54,29,32,1
3572,42,18,153,0
3573,30,6,30,1
3574,60,36,165,1
3575,56,30,64,1
3576,63,38,15,0
3577,56,30,70,0
3578,39,9,32,0
3579,29,5,128,0
3580,28,2,84,1
3581,41,16,62,1
3582,28,4,33,1
3583,49,25,65,0
3584,30,3,33,0
3585,63,37,15,0
3586,45,18,45,0
3587,40,15,132,0
3588,28,4,29,0
3589,62,38,65,0
3590,38,12,52,0
3591,32,7,64,1
3592,58,32,73,1
3593,33,3,20,0
3594,60,34,44,0
3595,34,8,79,0
3596,38,14,104,0
3597,44,20,88,0
3598,56,26,51,0
3599,37,11,61,0
3600,45,19,23,1
3601,44,20,38,0
3602,37,13,75,0
3603,47,21,42,1
3604,51,25,45,1
3605,63,38,59,0
3606,61,31,130,0
3607,43,18,9,1
3608,41,15,62,0
3609,59,35,202,0
3610,29,5,162,1
3611,32,6,93,0
3612,64,39,145,0
3613,50,25,99,1
3614,35,11,148,0
3615,34,10,154,0
3616,58,34,149,1
3617,41,15,69,0
3618,37,11,30,0
3619,35,8,48,0
3620,45,20,42,0
3621,53,29,132,0
3622,53,27,81,0
3623,54,29,60,1
3624,28,3,45,0
3625,58,28,70,0
3626,47,21,71,0
3627,24,-3,28,0
3628,27,1,83,1
3629,42,18,131,1
3630,50,26,82,1
3631,41,16,79,0
3632,46,21,51,0
3633,46,20,111,1
3634,51,25,93,0
3635,59,35,73,0
3636,58,33,24,0
3637,37,11,64,0
3638,39,14,104,0
3639,47,22,38,0
3640,51,26,191,0
3641,64,34,53,1
3642,59,35,74,0
3643,55,29,21,0
3644,57,32,80,1
3645,59,33,41,0
3646,42,17,79,1
3647,34,9,141,0
3648,41,14,32,1
3649,43,13,38,0
3650,53,29,85,0
3651,47,21,93,0
3652,49,23,140,1
3653,35,9,69,1
3654,52,27,32,1
3655,53,28,61,0
3656,48,22,125,0
3657,35,8,30,0
3658,52,26,104,1
3659,60,35,24,0
3660,33,7,22,0
3661,38,12,59,0
3662,29,4,120,1
3663,35,9,164,0
3664,26,2,60,1
3665,48,24,43,0
3666,43,19,70,0
3667,60,35,51,0
3668,27,3,59,0
3669,38,13,129,0
3670,40,15,22,1
3671,38,14,29,0
3672,50,25,18,0
3673,38,13,65,0
3674,34,9,65,1
3675,42,16,38,0
3676,60,34,110,0
3677,62,37,22,0
3678,59,33,43,1
3679,49,25,30,0
3680,49,23,134,0
3681,36,11,32,0
3682,33,9,139,0
3683,43,17,45,0
3684,53,27,62,0
3685,57,31,51,0
3686,53,27,93,0
3687,60,35,122,0
3688,34,10,45,0
3689,51,26,179,0
3690,36,12,64,1
3691,63,39,41,0
3692,37,13,58,1
3693,57,33,64,0
3694,52,27,28,0
3695,38,8,21,0
3696,61,35,60,0
3697,31,5,78,1
3698,39,13,59,0
3699,38,12,59,1
3700,46,22,83,1
3701,48,22,128,0
3702,58,33,95,0
3703,50,25,160,0
3704,67,41,78,0
3705,36,11,184,0
3706,30,4,30,0
3707,58,33,51,0
3708,43,18,35,0
3709,31,1,74,0
3710,37,11,43,0
3711,49,22,23,1
3712,27,1,20,0
3713,50,25,112,0
3714,46,20,74,1
3715,49,23,65,1
3716,29,5,124,1
3717,55,29,65,0
3718,61,37,73,0
3719,45,19,8,1
3720,33,8,53,0
3721,63,39,131,0
3722,32,6,13,1
3723,42,17,60,0
3724,51,27,45,0
3725,44,20,39,0
3726,33,6,78,0
3727,39,13,43,0
3728,56,30,31,1
3729,28,3,118,0
3730,43,17,82,0
3731,30,6,112,0
3732,34,8,10,0
3733,26,1,18,0
3734,58,32,72,0
3735,43,19,72,0
3736,40,14,78,0
3737,54,30,78,0
3738,44,19,30,0
3739,54,28,45,1
3740,39,14,80,0
3741,59,35,174,1
3742,53,29,51,0
3743,32,8,181,1
3744,40,14,78,1
3745,54,29,79,0
3746,27,3,119,0
3747,63,39,49,1
3748,26,0,83,0
3749,33,7,100,0
3750,43,19,70,0
3751,57,32,52,0
3752,26,2,12,0
3753,55,30,82,1
3754,30,4,34,1
3755,63,37,112,1
3756,55,25,42,0
3757,35,11,83,0
3758,45,21,142,0
3759,47,23,199,0
3760,31,4,29,1
3761,56,26,70,1
3762,49,24,25,0
3763,53,27,84,0
3764,62,36,81,1
3765,63,37,15,0
3766,26,0,54,0
3767,59,35,108,0
3768,40,16,83,1
3769,42,16,62,1
3770,29,4,134,0
3771,40,16,75,0
3772,31,7,109,1
3773,35,10,152,0
3774,62,36,83,0
3775,51,26,52,0
3776,32,6,31,1
3777,27,3,135,1
3778,62,37,98,0
3779,66,41,14,0
3780,53,27,64,1
3781,49,25,109,0
3782,65,40,118,1
3783,30,5,80,0
3784,60,34,51,0
3785,30,6,115,0
3786,54,28,83,0
3787,54,28,90,0
3788,37,12,28,0
3789,32,7,82,1
3790,51,27,24,1
3791,46,22,71,1
3792,41,17,80,0
3793,62,36,109,0
3794,54,28,140,0
3795,52,27,39,0
3796,51,25,39,0
3797,24,-2,50,0
3798,61,35,31,0
3799,55,25,35,1
3800,37,11,44,1
3801,64,38,35,0
3802,34,8,20,1
3803,31,7,10,0
3804,42,18,83,0
3805,47,22,203,0
3806,29,5,84,0
3807,34,8,41,0
3808,36,11,164,1
3809,34,10,152,0
3810,26,2,62,0
3811,48,24,12,0
3812,47,23,28,0
3813,39,13,52,1
3814,62,37,19,0
3815,34,9,35,0
3816,43,19,28,0
3817,55,30,70,1
3818,65,40,140,0
3819,26,0,102,0
3820,57,27,50,0
3821,32,7,61,1
3822,35,9,188,0
3823,63,33,178,0
3824,49,25,44,0
3825,23,-1,12,1
3826,30,6,69,1
3827,43,19,132,0
3828,39,14,128,0
3829,31,6,44,0
3830,65,39,44,1
3831,34,8,34,0
3832,37,12,132,0
3833,62,38,158,1
3834,33,9,83,0
3835,48,22,28,0
3836,33,9,131,0
3837,45,19,31,1
3838,44,19,40,0
3839,37,11,71,0
3840,31,5,42,0
3841,56,31,35,0
3842,30,4,81,0
3843,61,35,91,0
3844,32,7,129,1
3845,51,27,75,0
3846,26,1,54,0
3847,31,5,43,0
3848,43,18,94,0
3849,57,32,84,1
3850,42,18,34,0
3851,48,23,15,0
3852,46,21,99,0
3853,33,7,15,1
3854,45,21,83,0
3855,31,6,83,0
3856,42,18,143,0
3857,56,30,81,0
3858,63,39,39,0
3859,42,18,158,1
3860,50,24,62,0
3861,31,6,64,1
3862,65,40,29,0
3863,60,34,64,0
3864,34,10,21,0
3865,62,32,142,1
3866,56,30,64,0
3867,51,25,40,1
3868,44,19,61,0
3869,41,16,44,0
3870,43,16,78,1
3871,25,0,25,0
3872,40,16,125,1
3873,53,29,63,0
3874,54,30,54,0
3875,36,12,92,0
3876,26,2,119,1
3877,35,11,40,0
3878,29,4,41,0
3879,35,11,81,1
3880,28,4,101,0
3881,48,24,25,0
3882,46,20,55,0
3883,31,7,43,1
3884,40,16,98,0
3885,27,1,112,1
3886,32,2,69,0
3887,67,43,79,1
3888,24,-2,118,0
3889,45,18,81,1
3890,26,0,19,0
3891,42,17,139,0
3892,65,40,63,0
3893,59,33,102,0
3894,30,5,40,0
3895,32,6,44,1
3896,36,12,59,0
3897,48,24,224,1
3898,56,31,64,0
3899,44,20,129,0
3900,60,34,43,1
3901,51,27,12,1
3902,34,10,53,0
3903,45,21,39,1
3904,47,23,65,0
3905,29,5,18,1
3906,52,28,55,0
3907,61,35,60,0
3908,40,14,42,0
3909,24,0,44,0
3910,33,7,111,0
3911,33,8,62,0
3912,52,26,44,1
3913,40,14,69,0
3914,45,20,62,0
3915,27,3,35,0
3916,38,13,91,1
3917,50,26,12,0
3918,41,15,89,0
3919,60,34,65,0
3920,64,34,179,0
3921,34,8,82,1
3922,30,6,48,0
3923,31,4,20,0
3924,41,15,91,0
3925,61,37,122,0
3926,42,18,22,0
3927,48,23,43,0
3928,59,34,38,1
3929,57,33,61,0
3930,37,13,33,0
3931,53,27,145,0
3932,53,27,170,0
3933,26,2,55,0
3934,39,14,40,0
3935,35,11,68,1
3936,59,33,53,0
3937,43,18,63,0
3938,39,15,123,1
3939,49,24,13,0
3940,47,23,12,1
3941,41,17,53,0
3942,57,33,79,1
3943,42,17,89,0
3944,61,36,188,0
3945,56,26,62,0
3946,29,3,123,0
3947,25,-1,40,0
3948,32,8,119,0
3949,37,12,123,1
3950,31,5,23,1
3951,38,14,62,0
3952,40,14,69,0
3953,61,36,124,1
3954,50,26,52,0
3955,32,7,134,0
3956,62,36,58,0
3957,62,37,45,1
3958,40,15,75,0
3959,59,34,23,0
3960,43,19,123,0
3961,62,37,48,0
3962,48,22,145,0
3963,29,5,31,0
3964,58,32,38,0
3965,43,18,78,0
3966,39,15,94,0
3967,33,7,84,0
3968,40,15,22,0
3969,28,3,78,1
3970,38,11,75,0
3971,65,40,71,1
3972,35,11,24,1
3973,29,5,112,1
3974,61,35,53,0
3975,46,21,41,0
3976,50,23,25,0
3977,60,33,42,0
3978,54,27,51,1
3979,43,18,19,0
3980,38,14,90,1
3981,46,22,89,0
3982,64,39,22,1
3983,24,0,119,0
3984,39,13,93,0
3985,34,8,18,0
3986,65,40,32,0
3987,38,14,182,1
3988,62,36,19,1
3989,59,35,85,1
3990,49,25,90,0
3991,57,32,59,0
3992,64,38,84,0
3993,47,22,95,0
3994,30,6,13,0
3995,42,18,88,1
3996,53,28,34,1
3997,50,24,11,1
3998,62,38,80,0
3999,34,10,41,1
4000,47,21,90,0
4001,62,37,93,1
4002,61,35,81,0
4003,59,34,60,0
4004,47,21,39,1
4005,65,39,22,0
4006,56,32,32,0
4007,56,32,28,0
4008,31,7,35,1
4009,61,31,154,1
4010,42,18,189,0
4011,44,19,40,0
4012,47,21,88,0
4013,30,6,124,0
4014,62,38,23,0
4015,56,32,23,1
4016,25,-1,139,1
4017,53,28,173,0
4018,26,0,42,0
4019,59,35,161,1
4020,62,36,28,0
4021,58,32,191,1
4022,40,14,42,1
4023,35,5,81,0
4024,51,25,175,0
4025,41,15,82,0
4026,51,27,53,1
4027,27,1,142,0
4028,46,21,42,0
4029,46,20,64,0
4030,31,5,90,0
4031,58,32,44,0
4032,42,18,29,0
4033,59,35,93,1
4034,54,24,69,0
4035,35,11,82,1
4036,34,9,180,0
4037,46,21,13,0
4038,52,28,72,0
4039,55,30,54,0
4040,34,9,104,1
4041,57,32,44,0
4042,45,19,40,1
4043,29,3,190,1
4044,49,23,64,1
4045,36,11,9,0
4046,57,31,38,0
4047,25,0,72,0
4048,43,17,82,0
4049,27,2,48,0
4050,54,28,82,0
4051,53,26,14,0
4052,55,29,162,1
4053,43,19,54,0
4054,35,11,90,0
4055,59,34,64,0
4056,42,18,65,1
4057,51,25,113,0
4058,57,32,38,0
4059,39,15,65,0
4060,53,27,39,0
4061,31,6,174,1
4062,33,3,59,0
4063,38,14,43,0
4064,47,21,24,1
4065,63,39,50,0
4066,44,19,68,0
4067,61,37,61,0
4068,52,28,21,0
4069,59,34,21,0
4070,56,32,31,0
4071,58,33,70,0
4072,30,6,25,1
4073,42,17,78,0
4074,51,27,19,0
4075,60,35,23,0
4076,30,4,40,0
4077,49,23,22,0
4078,26,0,71,0
4079,36,12,58,0
4080,65,40,75,0
4081,27,0,40,1
4082,60,35,155,1
4083,32,6,83,0
4084,46,20,99,0
4085,60,36,59,0
4086,28,2,53,0
4087,50,26,11,0
4088,52,28,179,0
4089,29,-1,71,0
4090,30,4,85,0
4091,42,18,49,0
4092,32,6,122,1
4093,40,15,171,0
4094,49,24,138,0
4095,53,23,8,0
4096,42,17,59,0
4097,38,14,49,0
4098,60,34,92,0
4099,27,3,75,0
4100,61,35,60,1
4101,27,2,41,0
4102,45,21,40,1
4103,41,16,81,1
4104,44,20,52,1
4105,38,14,25,0
4106,39,15,139,0
4107,48,22,54,0
4108,47,22,81,1
4109,64,39,73,1
4110,27,0,30,1
4111,66,41,59,0
4112,43,17,21,0
4113,34,9,65,0
4114,28,2,41,0
4115,52,28,52,0
4116,45,20,84,0
4117,24,-2,135,0
4118,39,14,18,0
4119,40,16,34,1
4120,30,5,85,0
4121,49,23,23,0
4122,53,27,65,1
4123,56,30,195,0
4124,50,24,40,0
4125,53,29,141,0
4126,60,34,95,1
4127,58,33,23,0
4128,43,19,82,1
4129,46,21,53,0
4130,29,3,10,1
4131,56,30,75,0
4132,48,23,23,0
4133,61,36,133,0
4134,41,17,129,1
4135,35,11,85,0
4136,48,23,168,0
4137,43,19,83,0
4138,37,12,52,0
4139,47,22,114,1
4140,29,3,81,0
4141,63,38,32,0
4142,43,19,63,0
4143,57,32,70,0
4144,55,31,20,0
4145,47,23,138,1
4146,58,34,63,0
4147,53,28,85,0
4148,59,35,180,1
4149,46,22,80,0
4150,41,15,53,0
4151,46,20,72,0
4152,44,18,123,1
4153,44,18,91,0
4154,50,26,148,0
4155,51,25,163,0
4156,55,30,28,1
4157,37,12,193,0
4158,34,10,22,0
4159,59,34,74,1
4160,45,20,70,1
4161,30,4,11,1
4162,32,8,61,0
4163,61,37,41,1
4164,54,28,108,0
4165,35,10,23,1
4166,63,38,135,0
4167,66,40,30,0
4168,48,24,144,0
4169,60,34,139,0
4170,41,17,143,0
4171,31,7,44,1
4172,58,31,49,0
4173,67,42,75,0
4174,35,9,43,0
4175,40,14,59,0
4176,42,17,154,1
4177,44,18,75,1
4178,47,23,75,1
4179,59,35,88,0
4180,29,3,91,0
4181,36,6,11,1
4182,47,22,22,0
4183,55,29,49,1
4184,41,17,140,0
4185,51,25,99,0
4186,26,2,82,0
4187,33,9,10,1
4188,30,5,109,1
4189,30,4,45,0
4190,45,19,93,0
4191,40,16,89,0
4192,42,15,39,0
4193,50,26,21,0
4194,62,37,31,0
4195,63,37,31,0
4196,43,19,52,0
4197,49,25,13,0
4198,51,25,21,0
4199,61,36,50,0
4200,43,19,81,1
4201,43,19,74,1
4202,61,36,89,0
4203,35,9,82,0
4204,59,33,88,0
4205,40,16,61,0
4206,61,36,139,0
4207,48,23,29,0
4208,37,11,51,1
4209,56,32,58,0
4210,35,9,21,0
4211,35,8,43,0
4212,40,16,104,0
4213,50,23,9,0
4214,49,25,39,0
4215,46,22,89,1
4216,64,40,21,0
4217,60,35,173,0
4218,45,21,29,1
4219,52,27,43,1
4220,58,34,30,0
4221,54,30,39,0
4222,48,22,83,0
4223,51,25,58,0
4224,53,26,8,1
4225,57,27,39,1
4226,43,18,204,0
4227,37,13,45,0
4228,32,7,111,0
4229,34,10,83,0
4230,54,24,83,0
4231,62,36,115,1
4232,56,32,60,0
4233,39,15,53,0
4234,32,7,134,0
4235,50,24,91,0
4236,27,1,91,0
4237,37,12,128,1
4238,60,34,78,0
4239,43,19,161,0
4240,62,36,60,0
4241,39,14,161,0
4242,34,9,40,1
4243,46,21,68,0
4244,46,22,74,0
4245,51,26,55,0
4246,44,20,145,1
4247,60,35,24,0
4248,65,39,10,0
4249,58,33,138,0
4250,37,12,63,0
4251,52,28,54,1
4252,42,16,62,0
4253,54,29,81,0
4254,54,28,61,1
4255,51,27,68,0
4256,59,35,78,0
4257,41,17,165,0
4258,43,17,48,1
4259,52,26,155,0
4260,52,26,158,1
4261,57,31,52,0
4262,53,28,18,0
4263,58,33,42,0
4264,59,33,18,0
4265,57,31,40,1
4266,27,2,44,0
4267,42,16,11,1
4268,52,26,194,0
4269,49,23,108,0
4270,47,23,12,0
4271,45,19,19,1
4272,25,1,150,0
4273,47,22,89,0
4274,44,19,83,1
4275,30,3,79,0
4276,63,38,102,0
4277,50,24,155,1
4278,40,16,138,0
4279,56,31,51,1
4280,39,15,80,1
4281,42,18,135,1
4282,28,1,34,1
4283,26,0,195,0
4284,58,32,62,1
4285,38,13,173,0
4286,23,-3,149,0
4287,53,29,20,1
4288,54,28,42,1
4289,42,17,28,1
4290,54,28,95,0
4291,66,42,95,0
4292,46,21,34,0
4293,63,37,191,0
4294,63,38,41,1
4295,58,34,150,0
4296,65,41,91,0
4297,35,9,84,0
4298,33,9,73,0
4299,43,19,122,0
4300,30,5,73,0
4301,61,37,20,0
4302,49,24,130,0
4303,52,27,85,0
4304,45,21,134,1
4305,64,39,98,0
4306,26,1,54,0
4307,35,11,41,0
4308,45,19,128,0
4309,44,20,132,0
4310,34,8,188,0
4311,65,41,170,1
4312,32,8,14,0
4313,41,15,93,0
4314,52,28,79,1
4315,35,9,79,0
4316,51,26,62,0
4317,30,6,95,0
4318,58,33,60,0
4319,49,23,75,1
4320,63,38,85,1
4321,40,15,143,0
4322,27,0,34,1
4323,38,14,44,0
4324,52,28,31,0
4325,49,24,13,0
4326,59,35,52,1
4327,32,8,42,0
4328,30,4,102,1
4329,64,38,143,0
4330,59,33,10,0
4331,62,37,44,0
4332,61,37,158,1
4333,53,26,12,1
4334,51,26,59,0
4335,55,29,92,0
4336,36,10,82,1
4337,44,19,44,0
4338,26,2,182,0
4339,54,30,121,0
4340,35,11,38,1
4341,34,10,92,1
4342,28,3,53,0
4343,32,7,45,0
4344,38,14,63,0
4345,53,28,181,0
4346,26,1,184,1
4347,45,21,33,1
4348,58,33,22,0
4349,59,33,99,0
4350,45,18,44,0
4351,64,39,101,1
4352,30,3,32,1
4353,40,16,59,0
4354,61,36,25,1
4355,40,16,140,0
4356,40,10,29,0
4357,43,19,35,0
4358,39,14,141,1
4359,35,11,75,0
4360,38,12,58,0
4361,67,43,41,0
4362,55,30,42,1
4363,28,2,55,0
4364,30,4,18,0
4365,59,35,75,0
4366,26,2,85,0
4367,52,28,43,0
4368,40,15,149,1
4369,31,7,25,1
4370,50,25,19,1
4371,27,3,18,0
4372,64,39,13,0
4373,34,10,41,0
4374,30,6,139,0
4375,39,15,62,1
4376,34,10,51,0
4377,40,15,71,0
4378,33,8,145,0
4379,38,12,45,0
4380,42,17,53,0
4381,37,13,64,0
4382,33,8,39,0
4383,60,34,38,0
4384,28,4,85,0
4385,45,20,61,1
4386,56,32,23,1
4387,53,27,122,0
4388,37,12,72,0
4389,47,21,123,0
4390,58,32,40,1
4391,52,26,62,0
4392,46,22,113,1
4393,52,27,81,0
4394,24,0,59,0
4395,57,31,25,0
4396,66,41,25,1
4397,30,5,14,0
4398,48,23,19,0
4399,63,37,61,0
4400,48,23,21,0
4401,34,10,44,0
4402,60,35,42,1
4403,55,25,52,0
4404,50,24,112,0
4405,29,5,34,0
4406,61,35,83,0
4407,50,25,24,0
4408,37,13,71,1
4409,64,40,181,1
4410,43,19,75,0
4411,39,14,153,0
4412,23,-2,75,1
4413,34,10,19,0
4414,29,2,31,1
4415,33,8,178,0
4416,60,35,65,1
4417,49,25,8,0
4418,54,28,92,0
4419,59,34,145,0
4420,42,17,85,0
4421,62,38,149,0
4422,63,38,9,1
4423,57,31,164,1
4424,61,36,40,0
4425,35,10,54,1
4426,26,0,164,0
4427,33,8,140,0
4428,31,7,18,0
4429,51,27,12,0
4430,55,29,140,0
4431,38,12,24,1
4432,38,12,60,0
4433,53,27,50,0
4434,62,38,44,1
4435,35,9,51,0
4436,46,21,34,0
4437,60,35,33,0
4438,63,38,63,0
4439,43,18,22,0
4440,33,7,104,1
4441,43,19,75,0
4442,62,36,75,0
4443,48,23,62,1
4444,38,14,48,0
4445,36,10,73,1
4446,49,25,135,1
4447,61,35,61,1
4448,49,22,78,0
4449,59,34,40,0
4450,30,6,44,1
4451,44,20,45,0
4452,67,41,18,0
4453,59,35,53,0
4454,37,11,11,0
4455,50,24,38,0
4456,56,31,28,1
4457,29,3,35,1
4458,55,29,81,0
4459,48,22,90,0
4460,32,8,115,0
4461,47,22,78,0
4462,46,21,30,0
4463,33,7,39,1
4464,39,13,69,0
4465,60,35,29,1
4466,39,15,54,1
4467,34,10,60,1
4468,55,30,99,0
4469,67,42,51,1
4470,40,14,53,1
4471,44,20,111,0
4472,56,30,79,0
4473,50,25,90,0
4474,31,5,18,1
4475,66,41,73,0
4476,43,18,59,0
4477,58,32,40,0
4478,33,9,41,1
4479,33,9,53,0
4480,32,8,128,0
4481,55,30,145,0
4482,25,-2,35,0
4483,40,14,28,0
4484,54,28,155,1
4485,36,11,195,1
4486,35,9,50,0
4487,44,19,48,1
4488,38,14,81,1
4489,30,4,50,0
4490,39,13,21,0
4491,35,9,142,0
4492,41,16,64,0
4493,56,26,91,1
4494,52,28,74,1
4495,29,4,182,0
4496,38,14,82,0
4497,51,25,45,0
4498,45,21,85,0
4499,51,26,133,0
4500,53,26,22,1
4501,50,26,24,1
4502,59,33,38,1
4503,57,32,80,0
4504,45,21,33,0
4505,27,1,41,0
4506,40,15,90,0
4507,39,13,89,1
4508,26,1,8,1
4509,27,2,85,1
4510,55,30,53,0
4511,64,39,20,0
4512,41,17,9,1
4513,46,22,25,1
4514,43,19,114,0
4515,24,-3,41,0
4516,29,3,49,0
4517,58,32,12,0
4518,45,18,50,0
4519,53,28,30,0
4520,45,21,32,1
4521,32,7,41,0
4522,56,31,25,0
4523,31,5,29,0
4524,29,4,50,0
4525,48,24,79,1
4526,36,11,110,1
4527,36,9,40,0
4528,41,16,18,1
4529,48,23,48,0
4530,27,0,40,0
4531,33,9,19,0
4532,31,7,35,1
4533,48,22,133,0
4534,59,34,19,0
4535,41,17,83,0
4536,42,18,39,0
4537,62,37,38,0
4538,62,36,63,1
4539,51,24,85,0
4540,48,24,14,0
4541,56,32,64,0
4542,62,38,124,0
4543,53,29,20,1
4544,62,38,33,0
4545,28,4,80,0
4546,61,35,35,0
4547,48,24,74,0
4548,50,25,32,0
4549,58,33,73,0
4550,53,29,41,0
4551,65,40,18,0
4552,27,0,28,0
4553,50,23,64,0
4554,50,25,44,0
4555,41,16,109,0
4556,43,19,71,0
4557,55,29,79,0
4558,33,9,30,0
4559,44,19,82,1
4560,47,20,101,0
4561,43,18,13,1
4562,59,33,59,0
4563,65,40,64,1
4564,28,2,188,0
4565,58,32,28,0
4566,33,8,120,1
4567,24,0,131,0
4568,46,20,19,0
4569,26,0,44,0
4570,47,21,49,0
4571,32,6,99,0
4572,58,28,95,0
4573,32,7,81,0
4574,46,20,73,1
4575,35,11,193,1
4576,53,27,115,0
4577,55,30,41,1
4578,63,37,80,1
4579,45,20,90,1
4580,58,32,41,0
4581,50,24,102,0
4582,37,13,59,1
4583,25,-1,69,0
4584,52,26,83,0
4585,26,0,49,0
4586,35,11,180,1
4587,58,32,61,1
4588,37,11,59,0
4589,35,10,85,1
4590,31,7,13,0
4591,58,34,151,0
4592,43,16,44,0
4593,43,18,53,0
4594,54,30,133,1
4595,53,27,31,0
4596,32,7,101,0
4597,37,13,61,0
4598,34,10,68,0
4599,51,26,21,0
4600,49,25,149,0
4601,54,24,75,0
4602,37,12,55,0
4603,57,32,81,1
4604,37,12,179,0
4605,32,7,81,1
4606,48,22,42,0
4607,44,20,199,0
4608,50,23,18,1
4609,44,19,28,0
4610,54,28,80,0
4611,37,13,79,0
4612,34,7,52,0
4613,32,6,18,0
4614,63,38,52,1
4615,56,30,15,0
4616,37,12,84,0
4617,66,41,114,1
4618,38,13,41,1
4619,35,9,29,0
4620,61,36,23,0
4621,52,26,84,0
4622,57,32,60,1
4623,47,20,13,0
4624,50,25,45,0
4625,36,11,83,0
4626,45,21,102,0
4627,58,34,58,0
4628,27,1,134,0
4629,27,1,130,0
4630,48,24,148,1
4631,46,21,92,0
4632,32,8,142,1
4633,54,29,62,1
4634,31,5,50,0
4635,42,17,29,0
4636,30,5,85,1
4637,41,16,78,0
4638,44,19,85,1
4639,37,13,89,0
4640,51,25,33,1
4641,30,6,42,0
4642,36,11,31,1
4643,65,40,143,0
4644,33,7,35,0
4645,58,34,22,0
4646,34,10,45,0
4647,38,13,119,0
4648,59,35,43,0
4649,37,11,75,0
4650,59,35,121,0
4651,47,23,63,0
4652,48,24,58,0
4653,38,12,184,0
4654,34,10,155,1
4655,44,17,69,0
4656,33,7,188,0
4657,47,21,38,0
4658,41,16,9,1
4659,36,11,69,1
4660,28,4,199,0
4661,59,35,38,0
4662,43,19,129,0
4663,56,31,59,0
4664,28,3,115,0
4665,62,37,83,0
4666,40,16,65,0
4667,34,9,72,0
4668,52,28,72,0
4669,40,14,63,0
4670,27,1,64,1
4671,52,26,194,0
4672,39,14,104,1
4673,52,26,180,0
4674,50,23,18,1
4675,40,14,93,1
4676,35,11,32,1
4677,39,13,68,0
4678,25,0,38,0
4679,33,7,115,0
4680,26,0,161,0
4681,46,21,154,0
4682,27,3,68,1
4683,55,25,44,0
4684,52,28,149,0
4685,59,34,103,0
4686,63,39,41,0
4687,61,35,113,0
4688,58,34,48,1
4689,29,3,69,1
4690,51,27,43,1
4691,59,34,19,0
4692,41,17,65,0
4693,59,35,32,1
4694,52,28,20,0
4695,39,13,25,0
4696,45,19,70,1
4697,59,35,70,0
4698,49,22,103,0
4699,48,22,162,0
4700,61,36,61,1
4701,31,7,170,0
4702,42,16,49,0
4703,35,5,108,0
4704,57,27,62,0
4705,54,28,102,0
4706,61,37,141,1
4707,60,36,8,0
4708,59,35,91,1
4709,62,37,10,0
4710,26,1,35,1
4711,41,17,71,1
4712,65,40,59,0
4713,25,0,14,1
4714,25,1,122,0
4715,27,3,81,1
4716,65,39,35,0
4717,60,34,83,0
4718,29,5,121,0
4719,32,6,35,0
4720,32,8,140,1
4721,41,15,88,0
4722,52,26,70,0
4723,40,16,63,0
4724,39,15,125,1
4725,34,8,21,0
4726,34,8,75,0
4727,34,10,38,0
4728,41,17,58,1
4729,59,35,31,0
4730,40,14,18,0
4731,52,27,29,1
4732,37,11,29,1
4733,39,13,69,0
4734,49,23,121,0
4735,63,39,64,1
4736,34,9,84,0
4737,51,25,65,0
4738,61,36,85,0
4739,56,32,44,0
4740,62,38,174,1
4741,56,30,178,0
4742,58,32,55,0
4743,58,33,25,1
4744,50,26,21,0
4745,44,20,72,0
4746,49,23,129,1
4747,31,7,18,0
4748,49,25,91,0
4749,43,18,38,0
4750,31,5,21,0
4751,66,41,38,1
4752,41,17,154,1
4753,39,14,178,0
4754,46,21,85,1
4755,57,33,93,0
4756,59,35,151,0
4757,30,4,78,0
4758,26,2,135,0
4759,46,21,40,0
4760,66,41,80,0
4761,50,25,18,1
4762,61,35,74,1
4763,37,7,94,0
4764,51,25,173,0
4765,56,32,88,1
4766,58,34,82,0
4767,41,15,54,0
4768,35,9,45,0
4769,38,14,39,0
4770,26,2,20,0
4771,35,5,93,1
4772,36,11,85,0
4773,26,2,95,0
4774,53,28,48,0
4775,56,32,22,1
4776,44,14,33,0
4777,47,23,40,0
4778,32,8,30,0
4779,52,27,22,1
4780,39,14,20,0
4781,47,20,49,0
4782,35,9,25,0
4783,26,0,150,1
4784,43,19,32,0
4785,52,28,9,0
4786,30,5,23,0
4787,36,12,18,1
4788,48,22,42,0
4789,36,10,39,0
4790,58,34,84,0
4791,35,11,101,0
4792,59,35,43,1
4793,36,10,28,0
4794,45,21,59,0
4795,56,30,29,0
4796,46,21,39,0
4797,26,0,42,0
4798,37,11,24,0
4799,44,20,62,1
4800,44,20,33,1
4801,33,7,73,0
4802,34,10,88,0
4803,35,11,58,0
4804,48,24,48,0
4805,58,32,40,0
4806,30,6,160,0
4807,62,37,39,0
4808,40,14,53,1
4809,42,16,32,1
4810,43,19,32,0
4811,58,34,11,0
4812,36,12,123,0
4813,29,4,184,0
4814,49,23,60,1
4815,60,34,41,1
4816,58,32,99,1
4817,50,24,83,1
4818,46,22,134,0
4819,45,19,85,0
4820,32,6,41,0
4821,42,17,44,1
4822,30,6,62,1
4823,60,36,149,0
4824,46,21,115,1
4825,32,6,25,0
4826,56,32,84,0
4827,56,31,81,0
4828,30,6,181,0
4829,52,28,62,0
4830,31,7,11,1
4831,37,12,60,0
4832,30,6,42,1
4833,29,4,83,1
4834,49,24,109,0
4835,49,23,70,0
4836,65,39,25,0
4837,54,24,72,1
4838,36,10,183,0
4839,56,30,44,1
4840,34,8,52,0
4841,33,9,18,0
4842,59,35,40,0
4843,49,23,174,0
4844,61,34,41,0
4845,31,6,81,0
4846,45,21,128,0
4847,35,10,135,0
4848,37,11,65,0
4849,58,32,145,0
4850,49,25,65,1
4851,63,39,119,0
4852,55,31,124,0
4853,38,12,33,1
4854,45,19,41,0
4855,44,20,105,1
4856,58,32,130,0
4857,56,31,80,0
4858,37,13,115,1
4859,50,24,62,0
4860,34,8,165,0
4861,51,25,34,0
4862,49,24,18,0
4863,33,7,44,0
4864,61,35,25,0
4865,41,16,52,0
4866,50,24,133,1
4867,41,17,71,1
4868,38,12,61,0
4869,51,27,62,1
4870,63,39,33,1
4871,55,30,28,1
4872,46,22,53,0
4873,27,3,69,1
4874,59,35,165,0
4875,26,0,75,0
4876,61,36,54,0
4877,44,19,142,0
4878,53,29,53,0
4879,34,9,41,0
4880,40,15,43,0
4881,56,32,79,0
4882,57,32,24,0
4883,43,19,73,1
4884,38,13,129,1
4885,60,34,50,1
4886,54,30,28,0
4887,51,26,64,0
4888,41,15,49,1
4889,25,1,121,0
4890,58,28,58,0
4891,61,35,51,0
4892,56,31,61,1
4893,43,19,35,0
4894,42,12,39,1
4895,48,22,74,0
4896,45,20,201,1
4897,40,15,81,0
4898,43,18,44,0
4899,52,26,19,0
4900,54,29,85,0
4901,26,1,74,0
4902,26,0,54,0
4903,33,8,58,0
4904,40,15,18,1
4905,64,40,88,1
4906,62,37,19,0
4907,54,28,49,0
4908,34,9,101,0
4909,40,16,138,0
4910,41,16,25,1
4911,48,22,120,0
4912,46,22,153,0
4913,51,26,28,0
4914,30,4,110,0
4915,65,39,94,1
4916,49,24,48,1
4917,29,5,123,0
4918,36,10,33,0
4919,50,25,42,1
4920,41,16,68,1
4921,42,16,28,1
4922,37,11,42,1
4923,31,5,28,1
4924,40,15,73,1
4925,36,12,89,0
4926,64,39,82,0
4927,37,13,83,1
4928,43,19,121,1
4929,57,33,28,0
4930,62,36,39,0
4931,63,38,110,0
4932,57,27,55,0
4933,59,35,111,0
4934,47,23,94,1
4935,26,0,85,1
4936,59,33,81,0
4937,45,20,94,0
4938,33,8,162,1
4939,61,35,80,0
4940,54,29,70,1
4941,46,22,19,0
4942,28,4,112,0
4943,52,26,109,1
4944,26,0,12,0
4945,49,24,33,0
4946,42,18,49,1
4947,51,26,42,0
4948,39,13,41,1
4949,44,20,43,1
4950,29,5,64,1
4951,47,23,19,1
4952,53,27,65,1
4953,29,3,53,0
4954,47,21,32,0
4955,45,19,22,1
4956,63,37,39,1
4957,39,13,59,1
4958,29,-1,50,1
4959,50,26,19,0
4960,51,27,55,0
4961,58,28,81,0
4962,39,14,108,1
4963,46,20,122,1
4964,32,6,98,0
4965,53,27,110,0
4966,29,5,33,0
4967,41,17,34,0
4968,41,16,69,0
4969,58,32,41,1
4970,45,19,60,0
4971,37,13,95,1
4972,58,28,73,0
4973,58,32,41,1
4974,31,1,68,0
4975,59,33,64,1
4976,38,11,29,0
4977,29,5,31,1
4978,40,15,54,0
4979,57,27,63,0
4980,50,26,92,1
4981,29,5,135,1
4982,34,9,195,0
4983,36,10,45,1
4984,51,26,72,0
4985,27,1,98,1
4986,48,23,30,0
4987,32,6,78,0
4988,48,23,43,0
4989,34,8,85,1
4990,24,0,38,0
4991,55,25,58,1
4992,51,25,92,1
4993,30,5,13,0
4994,45,21,218,0
4995,64,40,75,0
4996,29,3,40,0
4997,30,4,15,0
4998,63,39,24,0
4999,65,40,49,0
5000,28,4,83,1
